sequence_length,lstm_units,dropout_rate,batch_size,epochs,learning_rate,n_layers,mean_val_loss,std_val_loss,fold_scores,n_samples
15,150,0.1,16,100,0.001,2,0.00036038345327445615,0.00022248086405454677,"[7.074624591041356e-05, 0.0003987627860624343, 0.0006116413278505206]",992
15,100,0.1,16,100,0.001,1,0.0004404006443413285,0.00022962119693205126,"[0.00011697081936290488, 0.0006272890022955835, 0.0005769421113654971]",992
30,150,0.3,16,100,0.001,1,0.00045135628897696733,0.00030162035018410356,"[7.38997186999768e-05, 0.0004680172714870423, 0.0008121518767438829]",977
15,50,0.1,16,100,0.001,1,0.0004659683448456538,0.00028342578833202213,"[8.043196430662647e-05, 0.0007536920020356774, 0.0005637810681946576]",992
30,100,0.1,16,50,0.001,1,0.0004665667596176111,0.0002927288325162065,"[5.682969276676886e-05, 0.0006202307413332164, 0.0007226398447528481]",977
15,150,0.2,32,100,0.001,1,0.0004824281034719509,0.0002864435779536267,"[0.00012023520685033873, 0.0005064032156951725, 0.0008206458878703415]",992
15,150,0.3,32,50,0.001,1,0.0005602837724533553,0.00031509074243231937,"[0.00014443897816818208, 0.000629540765658021, 0.0009068715735338628]",992
15,150,0.1,32,50,0.001,1,0.0005636160203721374,0.0003264641802288592,"[0.00012214624439366162, 0.0006673183524981141, 0.0009013834642246366]",992
60,150,0.3,16,100,0.001,1,0.0005829372433557486,0.0003634017221075961,"[0.0001322645548498258, 0.0010221936972811818, 0.000594353477936238]",947
15,100,0.1,32,100,0.001,2,0.0006314176425803453,0.0003330038306737464,"[0.0001626249577384442, 0.0008269245154224336, 0.000904703454580158]",992
15,100,0.2,32,100,0.001,2,0.000650614223559387,0.0004040866475623783,"[0.00010123544780071825, 0.0007890455890446901, 0.0010615616338327527]",992
60,100,0.3,16,50,0.001,1,0.0006533500224274272,0.0003227197718216627,"[0.00020741198386531323, 0.0007921969518065453, 0.0009604411316104233]",947
30,150,0.1,64,50,0.001,2,0.0007359198352787644,0.00034481956438689844,"[0.0002585731272120029, 0.0008882457041181624, 0.0010609406745061278]",977
60,150,0.3,16,50,0.001,1,0.0007533672517941644,0.0002661041905774212,"[0.0004062758234795183, 0.0008009652956388891, 0.0010528606362640858]",947
30,150,0.1,32,100,0.001,1,0.0007671720522921532,0.000434079361118688,"[0.00017206722986884415, 0.0011952044442296028, 0.0009342444827780128]",977
30,150,0.3,64,100,0.001,2,0.0008092002196159834,0.0005770425788202307,"[0.00018861102580558509, 0.0006605623639188707, 0.0015784272691234946]",977
30,100,0.3,32,50,0.001,2,0.0008096712311574569,0.0003818375629482402,"[0.00037759498809464276, 0.0007452053832821548, 0.001306213322095573]",977
60,150,0.2,32,50,0.001,2,0.0008335945894941688,0.0003913196557599175,"[0.00029781321063637733, 0.001221486716531217, 0.0009814838413149118]",947
30,50,0.2,32,50,0.001,2,0.0008547161754298335,0.0005713038540117972,"[0.00013160800153855234, 0.0009041515877470374, 0.0015283889370039105]",977
30,100,0.2,16,50,0.001,3,0.0008749796106712893,0.0006974990087895012,"[0.00013490520359482616, 0.000680238357745111, 0.0018097952706739306]",977
60,150,0.3,32,100,0.001,2,0.0008846417767927051,0.0003035116530067524,"[0.0006041954038664699, 0.0007434553699567914, 0.001306274556554854]",947
15,150,0.1,16,50,0.0001,2,0.0008943661960074678,0.0005242031558288889,"[0.0002065664593828842, 0.0009987205266952515, 0.0014778116019442677]",992
60,150,0.2,32,100,0.001,2,0.0009118030429817736,0.0003411618510706141,"[0.0005704477080143988, 0.0013777678832411766, 0.0007871935376897454]",947
60,150,0.1,32,100,0.001,1,0.000929000418788443,0.0004568161356368583,"[0.00028613320318982005, 0.0013057764153927565, 0.0011950916377827525]",947
30,50,0.2,32,100,0.001,2,0.000939222906405727,0.0006865188906418608,"[0.0002767842961475253, 0.0006557523738592863, 0.0018851320492103696]",977
15,150,0.3,16,100,0.001,3,0.0009411182448578378,0.000737006140080017,"[0.0001690719509497285, 0.000720737676601857, 0.0019335451070219278]",992
30,50,0.2,16,100,0.001,2,0.0009544644417474046,0.0008403504723847371,"[0.0002210117963841185, 0.0005113643710501492, 0.002131017157807946]",977
15,150,0.2,64,100,0.001,3,0.000971087768751507,0.0005389514074071399,"[0.0002986064937431365, 0.000996636226773262, 0.0016180205857381225]",992
15,50,0.1,64,50,0.001,2,0.0009764257750551527,0.0006258180716509952,"[0.0001855301234172657, 0.0010278744157403708, 0.0017158727860078216]",992
15,50,0.1,64,100,0.001,1,0.0010042597956877823,0.000590339705442154,"[0.00020383739320095628, 0.0011989364866167307, 0.0016100055072456598]",992
30,150,0.3,16,50,0.0001,2,0.0010219253890682012,0.0005264828134890558,"[0.0003062963660340756, 0.001201743958517909, 0.0015577358426526189]",977
60,50,0.3,16,50,0.001,2,0.0010590385063551366,0.00047004297195382883,"[0.0004226893070153892, 0.00121076381765306, 0.0015436623943969607]",947
15,50,0.3,64,100,0.001,2,0.0010663027545281996,0.0006275628803355661,"[0.00025076090241782367, 0.0011708883102983236, 0.0017772590508684516]",992
15,150,0.1,32,100,0.0001,2,0.001119062052263568,0.0006117740218026496,"[0.0004338338621892035, 0.0010042398935183883, 0.0019191124010831118]",992
30,150,0.1,16,100,0.0001,1,0.001127618985871474,0.0005672759648315818,"[0.0003270248416811228, 0.0015725231496617198, 0.0014833089662715793]",977
15,50,0.2,16,100,0.0001,2,0.0011442302881429593,0.0005786192291989514,"[0.00042353011667728424, 0.0011689559323713183, 0.0018402048153802752]",992
15,150,0.1,16,100,0.0001,1,0.0011519213439896703,0.0006901180663237426,"[0.0002721712226048112, 0.001957752974703908, 0.0012258398346602917]",992
30,50,0.1,64,50,0.001,1,0.001204251234109203,0.0007726324372610576,"[0.00022740685380995274, 0.002116669435054064, 0.0012686774134635925]",977
60,100,0.1,64,50,0.001,2,0.001209700247272849,0.0005330993697856786,"[0.000522385467775166, 0.0018216694006696343, 0.0012850458733737469]",947
60,50,0.3,32,50,0.001,2,0.0012169811428369333,0.0005441224932626067,"[0.0004730412329081446, 0.0014186014886945486, 0.0017593007069081068]",947
15,100,0.3,32,50,0.0001,2,0.0012759264985409875,0.0005624070079470344,"[0.0004894266021437943, 0.0015666293911635876, 0.0017717235023155808]",992
15,50,0.2,16,100,0.001,3,0.001292209890380036,0.0008759584917996274,"[0.00010190267494181171, 0.0015901573933660984, 0.002184569602832198]",992
15,100,0.2,32,50,0.0001,1,0.0012977330285745363,0.000719729195587987,"[0.0003217774792574346, 0.0015354144852608442, 0.00203600712120533]",992
15,50,0.3,16,100,0.0001,1,0.0013078706300196548,0.000927683682659394,"[0.0002520938287489116, 0.002510219579562545, 0.001161298481747508]",992
30,50,0.1,32,100,0.001,3,0.0013162208148666348,0.0012387598648299254,"[0.0001627240126254037, 0.0007510966970585287, 0.0030348417349159718]",977
60,150,0.2,64,50,0.001,3,0.0013173489229908835,0.0007271778604684582,"[0.0003065694181714207, 0.0019868272356688976, 0.0016586501151323318]",947
30,100,0.1,64,100,0.001,3,0.0013282054181521137,0.0009260902858901975,"[0.0006107323570176959, 0.0007380535826086998, 0.0026358303148299456]",977
60,100,0.1,16,50,0.001,3,0.001330017907700191,0.0007578573274041897,"[0.0007523676031269133, 0.0024006753228604794, 0.0008370107971131802]",947
15,100,0.2,32,100,0.0001,2,0.001345860247965902,0.0006299453568771674,"[0.000457103771623224, 0.001843442558310926, 0.0017370344139635563]",992
15,150,0.2,32,100,0.0001,1,0.00136665547809874,0.0007641680779193015,"[0.00029101927066221833, 0.0018140062456950545, 0.0019949409179389477]",992
15,100,0.3,64,100,0.0001,2,0.001368948636809364,0.000719684642939229,"[0.000458825466921553, 0.0014294524444267154, 0.0022185679990798235]",992
15,50,0.1,64,100,0.001,3,0.0013901531783631071,0.000846908843201541,"[0.00022272807836998254, 0.0017420881194993854, 0.0022056433372199535]",992
60,50,0.1,16,100,0.001,1,0.0013917269922482471,0.0009524674869113997,"[0.0002382042002864182, 0.002570842392742634, 0.0013661343837156892]",947
15,150,0.1,64,100,0.0001,2,0.001409695124796902,0.000717665876129046,"[0.00039849881432019174, 0.0018399409018456936, 0.001990645658224821]",992
15,100,0.1,64,100,0.0001,2,0.0014199158855869125,0.0007019076327856466,"[0.0004291598161216825, 0.0018622534116730094, 0.0019683344289660454]",992
30,150,0.2,32,50,0.0001,1,0.0014278469316195697,0.0007737061187991109,"[0.0004169883031863719, 0.0022959818597882986, 0.0015705706318840384]",977
60,150,0.1,16,50,0.0001,1,0.0014988054560186963,0.0006726533974081681,"[0.0006615883321501315, 0.002308559138327837, 0.0015262688975781202]",947
60,150,0.3,64,50,0.001,3,0.0014992156842102606,0.0005759328147411456,"[0.0008831496816128492, 0.0013458433095365763, 0.0022686540614813566]",947
60,150,0.3,32,50,0.001,3,0.0015000041651849945,0.0008298566772908319,"[0.0003346564481034875, 0.001962400507181883, 0.0022029555402696133]",947
15,150,0.1,32,50,0.0001,3,0.0015004761517047882,0.0007161938909234901,"[0.0005610031075775623, 0.0016424271743744612, 0.002297998173162341]",992
30,150,0.3,32,100,0.0001,1,0.0015194780620125432,0.0008117629703951686,"[0.00043675926281139255, 0.0023913350887596607, 0.0017303398344665766]",977
15,50,0.3,32,100,0.0001,2,0.0015649586954774957,0.0006990785971742831,"[0.0006007436313666403, 0.001857901457697153, 0.0022362309973686934]",992
15,50,0.3,64,100,0.001,3,0.0015666837183137734,0.0009181792729585299,"[0.0003090881509706378, 0.001915446133352816, 0.0024755168706178665]",992
15,100,0.3,32,100,0.0001,3,0.0015783807417998712,0.0007318121255144403,"[0.0005892274202778935, 0.0018093188991770148, 0.002336595905944705]",992
60,150,0.1,64,50,0.001,3,0.0015805858032157023,0.0009045398614275338,"[0.000373121234588325, 0.001818516873754561, 0.002550119301304221]",947
60,50,0.2,16,50,0.001,3,0.0015966091013979167,0.0010354689983265999,"[0.0001909438578877598, 0.0026549315080046654, 0.0019439519383013248]",947
60,50,0.2,64,100,0.001,1,0.0016024110761160653,0.0010199511189590363,"[0.0004902670625597239, 0.0029539717361330986, 0.001362994429655373]",947
15,150,0.2,64,50,0.0001,3,0.0016285282520887752,0.000814976042956937,"[0.0004815810243599117, 0.0021037014666944742, 0.00230030226521194]",992
30,100,0.1,64,50,0.0001,1,0.00163092299286897,0.0005769934468332599,"[0.0008298267493955791, 0.0021658800542354584, 0.001897062174975872]",977
15,50,0.3,16,100,0.001,3,0.0016331529477611184,0.0009213084665948498,"[0.0004452095599845052, 0.001763652078807354, 0.002690597204491496]",992
30,150,0.2,64,50,0.0001,2,0.0016346049184600513,0.0006405042297878735,"[0.0007474939338862896, 0.0022367292549461126, 0.0019195915665477514]",977
60,100,0.3,64,50,0.001,3,0.0017066124904279907,0.0005472522233738892,"[0.0009395567467436194, 0.0021792841143906116, 0.002000996610149741]",947
60,100,0.1,32,100,0.0001,1,0.0017154864423597853,0.0006937011977048609,"[0.0009137793676927686, 0.002606014721095562, 0.0016266652382910252]",947
30,150,0.1,64,100,0.0001,2,0.001738067134283483,0.000705022639935735,"[0.00074286840390414, 0.0021830357145518064, 0.0022882972843945026]",977
60,50,0.2,16,100,0.001,3,0.0017411375689941149,0.0008860380579541738,"[0.000528952747117728, 0.002622095635160804, 0.0020723643247038126]",947
60,100,0.3,32,100,0.0001,1,0.001941370409137259,0.0007399362765013422,"[0.0009316809591837227, 0.0026842360384762287, 0.0022081942297518253]",947
15,50,0.2,64,100,0.0001,3,0.001951096870470792,0.0008547501838703977,"[0.0007430968689732254, 0.002593160141259432, 0.002517033601179719]",992
60,100,0.2,64,100,0.0001,2,0.002016616092684368,0.0006067034361267846,"[0.001193546806462109, 0.0026380347553640604, 0.0022182667162269354]",947
15,50,0.3,32,100,0.0001,3,0.002022940219224741,0.0008772318548158665,"[0.0008095522061921656, 0.0028533991426229477, 0.00240586930885911]",992
15,50,0.3,32,50,0.0001,3,0.0020261155635428927,0.000914150143873426,"[0.0007730413344688714, 0.0029280786402523518, 0.0023772267159074545]",992
30,50,0.2,16,50,0.0001,1,0.0020313148270361125,0.001323188770854997,"[0.0005393523606471717, 0.003755446756258607, 0.001799145364202559]",977
15,50,0.3,64,50,0.0001,1,0.0020462508934239545,0.0001664643107664376,"[0.001831157598644495, 0.002236663131043315, 0.002070931950584054]",992
30,50,0.3,64,100,0.0001,1,0.0020581887802109122,0.0010650782675926639,"[0.0005659813759848475, 0.0029819870833307505, 0.0026265978813171387]",977
60,50,0.1,16,50,0.001,3,0.0020612882993494472,0.001668795489738884,"[0.000536762410774827, 0.004383738152682781, 0.001263364334590733]",947
30,50,0.1,64,50,0.0001,2,0.002079510595649481,0.0007679145541897546,"[0.0010421194601804018, 0.002876421669498086, 0.0023199906572699547]",977
30,150,0.2,64,50,0.0001,1,0.002083370326242099,0.0010320817099096244,"[0.0006390719790942967, 0.002623062115162611, 0.00298797688446939]",977
30,50,0.2,16,100,0.0001,2,0.0021081891706368574,0.0014554424763000594,"[0.0004424713843036443, 0.003988190554082394, 0.0018939055735245347]",977
60,150,0.3,32,100,0.0001,2,0.0021796585836758218,0.0009185558788256955,"[0.0012380098924040794, 0.0034254607744514942, 0.0018755050841718912]",947
60,50,0.3,64,100,0.0001,2,0.002183523300724725,0.0004700838156691535,"[0.0015256485203281045, 0.002595338737592101, 0.002429582644253969]",947
60,50,0.2,64,100,0.0001,2,0.002338070267190536,0.0003369653237133801,"[0.0018810015171766281, 0.0026833717711269855, 0.002449837513267994]",947
60,100,0.2,64,100,0.0001,1,0.00240032363217324,0.0008535023366959852,"[0.001195584307424724, 0.0030671271961182356, 0.002938259392976761]",947
30,50,0.2,64,50,0.0001,3,0.0024478088210647306,0.0009046136010132217,"[0.001190933515317738, 0.003282854799181223, 0.0028696381486952305]",977
60,100,0.1,16,50,0.0001,1,0.0025356566960302493,0.001695546641483203,"[0.0007955484907142818, 0.004834463819861412, 0.0019769577775150537]",947
60,150,0.1,16,100,0.0001,3,0.00256433702694873,0.0016502711758386143,"[0.0010159561643376946, 0.004850803874433041, 0.0018262510420754552]",947
15,50,0.1,64,50,0.0001,1,0.002842127966384093,0.001089615742364601,"[0.0043678563088178635, 0.0018921582959592342, 0.002266369294375181]",992
60,100,0.1,64,100,0.0001,3,0.0030735559994354844,0.001102597751066621,"[0.001708455034531653, 0.004408760461956263, 0.0031034525018185377]",947
60,50,0.1,64,50,0.0001,3,0.0032748274194697538,0.0005282952799291608,"[0.002592378295958042, 0.0038793792482465506, 0.003352724714204669]",947
30,50,0.2,64,50,0.0001,1,0.003467064661284288,0.0008884979633486212,"[0.004722266923636198, 0.0027895295061171055, 0.00288939755409956]",977
60,50,0.1,32,50,0.0001,3,0.003719268560719987,0.0015648291694977002,"[0.00177943694870919, 0.005611586384475231, 0.003766782348975539]",947
60,50,0.3,64,50,0.0001,1,0.005732496501877904,0.004712175746566242,"[0.012365010567009449, 0.001855687703937292, 0.0029767912346869707]",947
