Date,Open,High,Low,Close,Volume
2022-01-03,29.757355089698684,30.651622638194823,29.72741240751005,30.062763214111328,391547000
2022-01-04,30.218464956704405,30.409095675209777,28.29419292188651,29.233373641967773,527154000
2022-01-05,28.893029463658266,29.359127526177748,27.479768693565187,27.550630569458008,498064000
2022-01-06,27.586559964920273,28.38301743954945,27.01267281731573,28.123519897460938,454186000
2022-01-07,28.086595203604723,28.367052077902994,27.004689383729875,27.19432258605957,409939000
2022-01-10,26.529609965171062,27.415893669977173,25.594421205944393,27.347026824951172,594681000
2022-01-11,27.270177292552447,28.010743386947276,26.78711374014883,27.763221740722656,404089000
2022-01-12,28.012735506788296,28.539714564955542,27.554623289676226,27.944868087768555,383413000
2022-01-13,28.324133734411912,28.424938300544927,26.44676981062193,26.523622512817383,540171000
2022-01-14,26.24915451358075,27.144421643836736,26.15932835464321,26.88991355895996,395832000
2022-01-18,26.209230679570027,26.586500135365398,25.720178245364497,25.852920532226562,424270000
2022-01-19,26.02858206203493,26.49168380986728,25.003567129964498,25.018537521362305,488315000
2022-01-20,25.25507979883061,25.529547751569282,24.031448328745114,24.103309631347656,435181000
2022-01-21,23.46155010178448,24.775005651877514,23.21802238406454,23.328807830810547,718958000
2022-01-24,22.286829332930466,23.33479860637558,20.847617715138355,23.326814651489258,913982000
2022-01-25,22.502412770653898,22.898646539669308,21.957468790063057,22.280841827392578,664616000
2022-01-26,23.195069558309832,24.010489477432596,22.256886340278513,22.72797393798828,755959000
2022-01-27,23.522437945377376,23.948612493124184,21.633096035086837,21.90157699584961,573353000
2022-01-28,21.969437378345827,22.813802247801405,21.254822210776748,22.79583740234375,543774000
2022-01-31,23.137181729796545,24.46161782547409,23.00743389482427,24.438661575317383,564680000
2022-02-01,25.0554650218014,25.0963861195441,23.843811420300632,24.59036636352539,518925000
2022-02-02,25.74413394762899,25.76708829461429,24.505532004420324,25.193201065063477,543419000
2022-02-03,24.410713264329317,25.028515976458163,23.734024607139915,23.90169906616211,410178000
2022-02-04,23.925652956622258,24.58737122731306,23.58631015608026,24.271982192993164,354829000
2022-02-07,24.324884078552188,25.133317663093663,24.155212644397917,24.68019676208496,376868000
2022-02-08,24.311907144504435,25.181223570518206,23.93364013673913,25.059459686279297,410359000
2022-02-09,25.572463535153865,26.673331693511606,25.303984503910602,26.653369903564453,524282000
2022-02-10,25.944741556292165,26.87294187560028,25.550504800745372,25.774070739746094,513200000
2022-02-11,25.865894587572004,26.1014383680604,23.727038196145745,23.90269660949707,605472000
2022-02-14,23.887726864389506,24.826907552973196,23.709072083831487,24.220083236694336,440424000
2022-02-15,24.900764591183574,26.49367965605607,24.73608458162661,26.443777084350586,699869000
2022-02-16,26.208235589724197,26.530611104591138,25.502601665801084,26.459747314453125,732676000
2022-02-17,25.580445575519956,25.73514658054274,24.118279789032503,24.459617614746094,810595000
2022-02-18,24.620307973876027,24.937693968010514,23.055340541376445,23.59629249572754,761255000
2022-02-22,22.990464861191477,24.017474761924387,22.955532681143488,23.344778060913086,633422000
2022-02-23,23.755988904392673,24.10830716721105,22.257891003906938,22.34372329711914,566511000
2022-02-24,20.97436790845925,23.75398309385858,20.84960958989138,23.702083587646484,735801000
2022-02-25,23.675138387578873,24.1701778047602,23.33579559273523,24.110294342041016,528866000
2022-02-28,23.945614559981106,24.617313720025166,23.661165729918974,24.337854385375977,477319000
2022-03-01,24.244037444614957,24.329871618461585,23.087277797297364,23.431610107421875,412056000
2022-03-02,23.714107509120137,24.365955840930578,23.37370924864072,24.177288055419922,389642000
2022-03-03,24.219219994125485,24.283108229788855,23.427618955251905,23.67218780517578,365095000
2022-03-04,23.342771281446925,23.638248916911902,22.44236121609132,22.89556121826172,431415000
2022-03-07,22.776767102643568,22.99238774615269,21.29238955966222,21.314350128173828,450821000
2022-03-08,21.271426231053603,22.333549276082426,20.613587838111286,21.476064682006836,557467000
2022-03-09,22.347522120331348,23.17905339926174,22.20776960420363,22.973417282104492,492742000
2022-03-10,22.491272744824204,22.74781956359875,21.843416915189174,22.61804962158203,428066000
2022-03-11,22.981402566936854,23.10418676650878,22.00712380434614,22.0610294342041,367209000
2022-03-14,21.830440015715702,22.22274672696289,21.121692803109244,21.292390823364258,385354000
2022-03-15,21.480055192344064,22.99737530841706,21.284401668232853,22.9324893951416,491996000
2022-03-16,23.45856243097872,24.553628211845854,23.131141677093435,24.45280647277832,671422000
2022-03-17,24.07747301172827,24.798198215899934,23.863849630911034,24.722333908081055,471941000
2022-03-18,24.75527383800032,26.522153405836594,24.580583162078188,26.406356811523438,730719000
2022-03-21,26.46025822521899,27.104121306196102,25.921209533056214,26.686857223510742,591727000
2022-03-22,26.679871236174723,27.189971767703643,26.026027424283942,26.477230072021484,547007000
2022-03-23,26.079931563168326,26.56507466192013,25.529904449568786,25.58880043029785,502120000
2022-03-24,26.11986368042065,28.270065012059774,25.861319580253287,28.100364685058594,877379000
2022-03-25,27.836831402895648,28.307999299732625,27.222915992361493,27.643173217773438,579016000
2022-03-28,27.707059896183978,28.20018833538596,27.158028538413475,28.16924285888672,425494000
2022-03-29,28.644403356385414,28.894960233335265,27.93066392483216,28.605472564697266,488984000
2022-03-30,28.254093909967974,28.445754802964743,27.454505676769504,27.641176223754883,463487000
2022-03-31,27.733010189112925,28.198188071817484,27.22191389271316,27.237884521484375,523440000
2022-04-01,27.326730894613775,27.447517830165626,26.220684779158603,26.664899826049805,517235000
2022-04-04,26.680872446951916,27.509408871839586,26.566075449381483,27.311758041381836,397120000
2022-04-05,27.205941957892414,27.270827874661148,25.774470555611817,25.88527488708496,436615000
2022-04-06,24.890031380399478,25.2553851988912,23.960673350227694,24.36396026611328,703833000
2022-04-07,24.397906520431153,24.678411208744393,23.436605101270906,24.16531753540039,557992000
2022-04-08,23.874822993149742,23.880812930235745,23.021331213813063,23.078229904174805,524781000
2022-04-11,22.174828362922163,22.280640436406088,21.62180443778006,21.87835121154785,575207000
2022-04-12,22.497263069478947,22.68493131080964,21.24447483857527,21.466083526611328,662258000
2022-04-13,21.689686094459127,22.460324131590653,21.417166779097364,22.163846969604492,516943000
2022-04-14,22.465317170334803,22.736838829968864,21.125684399232618,21.220516204833984,569097000
2022-04-18,21.162616730014566,22.049049416277743,21.041829811732452,21.74458885192871,525701000
2022-04-19,21.681697715813993,22.333546077200904,21.27641352942195,22.158855438232422,512781000
2022-04-20,22.477297203232133,22.630027304843697,21.16261996089313,21.444122314453125,468974000
2022-04-21,21.670723684292494,22.35252002501782,19.964737251699987,20.147415161132812,656209000
2022-04-22,20.26719955217862,20.44987743487539,19.465615971491907,19.480588912963867,624713000
2022-04-25,19.168140672030763,19.909830566482615,19.062328587721677,19.866907119750977,641566000
2022-04-26,19.68322980932217,19.753106067107918,18.6370775110821,18.75486946105957,653143000
2022-04-27,18.565204266444386,19.133201147980134,18.257748727324,18.38252830505371,499460000
2022-04-28,18.933552723499567,20.001667489116333,18.45739457929483,19.747116088867188,570327000
2022-04-29,19.367789431189383,20.092509128467537,18.484349698064364,18.514297485351562,500435000
2022-05-02,18.508306677557925,19.53948420995558,18.35857155612756,19.498558044433594,572049000
2022-05-03,19.36579084051425,19.79004256378469,19.099261454041525,19.567434310913086,475751000
2022-05-04,19.887870698989126,20.364028903111393,18.717936368444736,20.298145294189453,648855000
2022-05-05,19.83196677519654,19.88986315661059,18.46737678729166,18.81077003479004,626331000
2022-05-06,18.7029678624301,19.477598819171288,17.958282796128376,18.642074584960938,633297000
2022-05-09,18.002198783908664,18.22280783313179,16.797326507132865,16.92011070251465,644455000
2022-05-10,17.657806577427667,18.16590978890649,16.99497790989981,17.56397247314453,761474000
2022-05-11,17.316416239857933,17.721700572708396,16.538790337401462,16.600679397583008,670167000
2022-05-12,16.190397869341577,16.75839468902169,15.539548188281776,16.146474838256836,708728000
2022-05-13,16.758395637485194,17.896384717582276,16.56373981104597,17.674776077270508,670437000
2022-05-16,17.478125554261457,17.75663289781755,17.07583632290922,17.233556747436523,521446000
2022-05-17,18.042129937144267,18.33860712731935,17.60290714990144,18.144948959350586,585830000
2022-05-18,17.673784269460523,18.086056216509657,16.83426743111135,16.90813636779785,545161000
2022-05-19,16.90713289482446,17.655810314998515,16.704489852561316,17.09380340576172,621310000
2022-05-20,17.301441630973102,17.37930322099408,15.727221518406013,16.664566040039062,739105000
2022-05-23,16.245302043892696,16.885172429110426,16.150470255550008,16.868202209472656,639889000
2022-05-24,16.48089009745048,16.56773659401327,15.75217672510654,16.125516891479492,588550000
2022-05-25,15.991754187297795,17.080830153303886,15.971788994098624,16.945070266723633,781132000
2022-05-26,16.00772274521179,18.06009712140226,15.993747492579688,17.819522857666016,996575000
2022-05-27,18.15393407231878,18.84770829801262,18.068085271445213,18.77783203125,738379000
2022-05-31,18.94653566856395,19.166149002373768,18.317647267167107,18.639080047607422,664100000
2022-06-01,18.690985716581736,19.019404173433802,18.090046008838897,18.287696838378906,544514000
2022-06-02,18.259740820055303,19.584400243906824,18.165906731564544,19.55744743347168,648656000
2022-06-03,19.048355791835018,19.297914997640287,18.489341799961554,18.686992645263672,598779000
2022-06-06,19.10525257728722,19.302903402711614,18.53126570006665,18.75287437438965,422406000
2022-06-07,18.439427797960548,18.96649663523193,18.15592818906813,18.892627716064453,388914000
2022-06-08,18.76981755595969,19.15022663664718,18.5062274317263,18.61905288696289,363252000
2022-06-09,18.45231168223878,18.90360967908765,18.012994188635677,18.019983291625977,395574000
2022-06-10,17.57268450703865,17.669534081205736,16.842818148154638,16.947656631469727,465248000
2022-06-13,15.975162900820372,16.286678851618216,15.581774461064812,15.622711181640625,604153000
2022-06-14,15.706581027600341,16.041061051837058,15.388075961207294,15.811418533325195,469680000
2022-06-15,16.070014185322673,16.841814932140252,15.901276860613777,16.501344680786133,563936000
2022-06-16,15.835380972284335,15.917254419069693,15.377093820674675,15.576783180236816,545749000
2022-06-17,15.62370932462703,15.970170797325055,15.304206366327632,15.85534954071045,630334000
2022-06-21,16.44942865985989,16.981600402488183,16.381533414039843,16.540287017822266,483089000
2022-06-22,16.200811500397187,16.63613550115512,16.154883380504458,16.334604263305664,437135000
2022-06-23,16.493358120207393,16.559255659016674,15.828392479583755,16.19981575012207,463680000
2022-06-24,16.47438711137464,17.113393032351116,16.2846815144393,17.099414825439453,472153000
2022-06-27,17.28513052368087,17.303102235686215,16.600194433475785,16.842817306518555,427968000
2022-06-28,16.873766731644636,17.175298000307446,15.92024919879893,15.957192420959473,461149000
2022-06-29,15.789452817507586,15.795443069795565,15.146452414426411,15.517874717712402,482352000
2022-06-30,15.337153608855383,15.542834141531504,14.83892866134479,15.135467529296875,686070000
2022-07-01,14.87587455574691,15.039619559909022,14.369661530656511,14.500457763671875,577610000
2022-07-05,14.152997214317173,14.94776116044216,14.033183597161376,14.94077205657959,651397000
2022-07-06,14.986701312141356,15.295221689457538,14.766043683803519,15.106514930725098,529066000
2022-07-07,15.432009036553442,15.920249363063476,15.365112647572856,15.83338451385498,492903000
2022-07-08,15.406048858995538,16.012106984675512,15.365112136209438,15.81341552734375,467972000
2022-07-11,15.501900947599497,15.502899799154374,15.014658492987547,15.1284818649292,437321000
2022-07-12,15.244300136553319,15.407047229010848,14.85390726583204,15.058588981628418,458483000
2022-07-13,14.567352563950944,15.35113388131245,14.442546597436209,15.140460968017578,521918000
2022-07-14,15.084547722465837,15.448980906104412,14.705137480469018,15.348137855529785,456235000
2022-07-15,15.634691868193833,15.757500119489807,15.42102337409571,15.737531661987305,385935000
2022-07-18,16.276690270416104,16.870765813747397,15.977156799106812,16.07600212097168,670517000
2022-07-19,16.46040880264038,17.083440714371143,16.146897048307313,16.96562385559082,702366000
2022-07-20,16.920692343350403,17.90516175903346,16.774919082030355,17.779356002807617,760538000
2022-07-21,17.85723740485581,18.11583423265357,17.517765033329383,18.02198028564453,557049000
2022-07-22,17.865224557589684,17.93910909409701,17.110397569443286,17.292116165161133,536671000
2022-07-25,16.992580547570068,17.097419003652497,16.623155964154584,16.997573852539062,480748000
2022-07-26,16.862783963132348,16.8927380811664,16.452422639321977,16.50733757019043,397865000
2022-07-27,17.005563430899105,17.908161524582788,16.886748654316154,17.762388229370117,569776000
2022-07-28,17.947100301917377,18.11184320520838,17.412930859956532,17.956085205078125,474646000
2022-07-29,17.785348603490437,18.21567931837126,17.664536142339635,18.13480567932129,435460000
2022-08-01,18.153773877924205,18.816744561755613,17.962072498125625,18.412372589111328,476469000
2022-08-02,18.093869755691863,18.90860309946713,18.06391563779565,18.497241973876953,489527000
2022-08-03,18.15577319490234,18.938556596561604,18.108845268842018,18.863672256469727,418146000
2022-08-04,18.819743818251403,19.24408337841175,18.730881261788387,19.1851749420166,409652000
2022-08-05,18.780799269497617,19.199149448487784,18.637023710548704,18.959522247314453,386068000
2022-08-08,17.474830337887887,18.210685716204278,17.215233738780228,17.765377044677734,981859000
2022-08-09,17.225219526625484,17.41991651210645,16.69803929354924,17.059476852416992,668263000
2022-08-10,17.670526014260716,18.089874092763363,17.290116951299066,18.068906784057617,597422000
2022-08-11,18.10285410298937,18.67796013862692,17.84824889643112,17.914146423339844,509327000
2022-08-12,18.131808897875185,18.68894324186174,17.925129506160957,18.679956436157227,478094000
2022-08-15,18.671969218975686,19.13424981351242,18.584106483223596,19.00245475769043,457666000
2022-08-16,18.890631929999405,19.112287457353222,18.47228168872419,18.849695205688477,451240000
2022-08-17,18.49424742554819,18.65899030543156,18.11683393671878,18.306537628173828,446799000
2022-08-18,18.27259278693306,18.835716492772463,18.15477592247858,18.743860244750977,415447000
2022-08-19,18.37742938799248,18.491252751209018,17.742416940160584,17.8212947845459,441588000
2022-08-22,17.462848398941674,17.530743628369223,16.93966168585565,17.007556915283203,409593000
2022-08-23,16.962627909583983,17.437888836392574,16.94365639819852,17.154329299926758,369986000
2022-08-24,16.985589828451506,17.378979191278322,16.868772783841155,17.19526481628418,522661000
2022-08-25,16.817853882408595,17.919142398294323,16.80687127701837,17.885194778442383,770691000
2022-08-26,17.829285617148283,17.896181066938247,16.211799079933083,16.234764099121094,769127000
2022-08-29,15.99513199090072,16.312637235028117,15.742524473597898,15.776471138000488,496132000
2022-08-30,15.93522467499421,16.01410156014586,15.158432518208786,15.443988800048828,530181000
2022-08-31,15.360120769453241,15.51587876326227,14.9357802643057,15.070570945739746,573710000
2022-09-01,14.186946230102189,14.357681305537092,13.249404449278728,13.915369033813477,1178865000
2022-09-02,14.07811421619894,14.149003156104582,13.569903514231424,13.62581729888916,743157000
2022-09-06,13.709684383392407,13.75761020490667,13.330274168921454,13.444097518920898,535751000
2022-09-07,13.545970723388965,13.820626019078334,13.329243169761526,13.696781158447266,512657000
2022-09-08,13.442100625906576,13.990412045199538,13.352214429237836,13.972434043884277,624873000
2022-09-09,14.139223880637113,14.455826240046429,14.108263619948604,14.368935585021973,486612000
2022-09-12,14.350959820887779,14.52873583484315,14.180174035313506,14.486788749694824,484159000
2022-09-13,13.784669421834586,13.904518628297684,13.082552082468736,13.114511489868164,714956000
2022-09-14,13.23735723747835,13.273312285293565,12.896785812619402,13.111515998840332,588507000
2022-09-15,12.998657958319333,13.21638368394048,12.773940100304305,12.912765502929688,523625000
2022-09-16,12.726001122679447,13.195411270329165,12.601158069233653,13.181428909301758,670751000
2022-09-19,12.995660950331773,13.446094844196699,12.99366360650288,13.365196228027344,569685000
2022-09-20,13.198407796353832,13.4660709531129,13.040606184015623,13.159456253051758,524818000
2022-09-21,13.196410364553508,14.013383142940281,13.09353904887106,13.244349479675293,807679000
2022-09-22,13.053588717680212,13.132489995982901,12.412395581267017,12.545228004455566,759162000
2022-09-23,12.404405964748552,12.595166136683892,12.241610515089357,12.500285148620605,663309000
2022-09-26,12.475317729313494,12.643107026349453,12.198665076002735,12.212647438049316,547343000
2022-09-27,12.491297003764968,12.720009577879809,12.242610035621365,12.397415161132812,553854000
2022-09-28,12.394417959508273,12.806899506976707,12.338488516455438,12.720008850097656,542414000
2022-09-29,12.432370978846492,12.48430573642893,11.931001405248,12.204657554626465,532763000
2022-09-30,12.071824510658695,12.617139480743118,12.059839492993778,12.123759269714355,565638000
2022-10-03,12.331497416498822,12.662082145584952,12.089800688912364,12.49629020690918,547478000
2022-10-04,12.86283029973038,13.203402735078242,12.86283029973038,13.150468826293945,584182000
2022-10-05,12.894789072692479,13.304274120258059,12.605153237647787,13.192414283752441,507131000
2022-10-06,13.203401093971486,13.63885351819357,13.086547421310968,13.113513946533203,644157000
2022-10-07,12.48929899981872,12.654091789877265,12.006905646417971,12.060837745666504,672478000
2022-10-10,12.021887648057012,12.108778315761493,11.393677626274178,11.655348777770996,698699000
2022-10-11,11.546482961306186,11.831124940290422,11.268832162087126,11.571452140808105,667482000
2022-10-12,11.564461695947893,11.720265004547636,11.330755304332975,11.485560417175293,492590000
2022-10-13,10.95722491597618,12.062835356186497,10.799423302844042,11.94498348236084,850103000
2022-10-14,12.041861778962122,12.095793879242922,11.189933090714273,11.21290397644043,713432000
2022-10-17,11.503536397037033,11.932996747101859,11.502538201372328,11.873071670532227,580774000
2022-10-18,12.328501382530158,12.47631532526222,11.603413077767147,11.951974868774414,659362000
2022-10-19,11.864084673089435,12.334493965352559,11.819141098000895,12.035868644714355,523131000
2022-10-20,12.097791329296781,12.75296781971056,12.089801000398303,12.178689956665039,652398000
2022-10-21,12.082811763858672,12.482310175998526,11.872077163441604,12.450349807739258,609494000
2022-10-24,12.492296031938748,12.69404207682602,12.048853249537009,12.583181381225586,517457000
2022-10-25,12.678061955431058,13.283301022718456,12.648098936943423,13.244349479675293,505482000
2022-10-26,12.852840947976517,13.371188345254836,12.692042862759553,12.879806518554688,532953000
2022-10-27,13.612886696752097,13.820625721091393,13.105524152883197,13.159456253051758,583113000
2022-10-28,13.087547371735592,13.832611021415424,13.04460113938634,13.816630363464355,521040000
2022-10-31,13.760701235922447,13.820626323430826,13.280305197439352,13.480053901672363,486341000
2022-11-01,13.79366034086405,13.907517535389529,13.502027125914925,13.525997161865234,432817000
2022-11-02,13.832612349167132,14.192160042993345,13.194414644951317,13.202404022216797,672628000
2022-11-03,13.026624339335722,13.763697674159971,12.939733677148814,13.404149055480957,500065000
2022-11-04,13.968439877143796,14.21113480790427,13.679802221837274,14.138226509094238,612576000
2022-11-07,14.210134614268167,14.393903593979909,13.936479441145188,14.283042907714844,410061000
2022-11-08,14.78241442076382,14.872301562559512,14.198148951568628,14.583664894104004,595292000
2022-11-09,14.14421826011374,14.193157476096932,13.741724378458798,13.758703231811523,454414000
2022-11-10,14.781417601209665,15.753195494812513,14.528735003966306,15.730224609375,700819000
2022-11-11,15.787156581766027,16.368425737488906,15.462564766373632,16.306503295898438,655487000
2022-11-14,16.197636964580276,16.51923316178462,15.902008144433236,16.274539947509766,527852000
2022-11-15,16.70100428796189,16.976656817848582,16.361431033277864,16.64507484436035,545876000
2022-11-16,16.141709565247826,16.34145732599952,15.853071888838846,15.89002513885498,649547000
2022-11-17,15.695267646270135,16.245576378644603,15.515493358092419,15.657315254211426,710894000
2022-11-18,15.945954045011389,15.981910050388137,15.101016492966707,15.389654159545898,492072000
2022-11-21,15.127981966089996,15.45756754683471,15.06106570167587,15.297768592834473,404739000
2022-11-22,15.308753778828079,16.037837664544167,15.103012110863446,16.01786231994629,472866000
2022-11-23,16.07778951044673,16.506251780380016,16.027853044396444,16.498260498046875,427241000
2022-11-25,16.29750899710752,16.46629549039378,16.1516924322223,16.249568939208984,167934000
2022-11-28,16.005876536577063,16.336462207153392,15.7052557881983,15.807126998901367,303741000
2022-11-29,15.807128424908809,15.91199708976901,15.500514664430007,15.619364738464355,298384000
2022-11-30,15.681299942560486,16.91306749227581,15.581400530805857,16.90607452392578,565298000
2022-12-01,16.98200093379881,17.247733765667537,16.618364626853012,17.11786460876465,470977000
2022-12-02,16.642337412278103,16.916063514428913,16.42855076225467,16.859119415283203,371389000
2022-12-05,16.662320750441012,16.97800471429634,16.455527032443175,16.5933895111084,352255000
2022-12-06,16.513469290675516,16.556425555356533,15.803179908628083,15.971012115478516,352694000
2022-12-07,15.75622742232806,16.169813909620327,15.651331932839504,16.103879928588867,372388000
2022-12-08,16.2567250065392,17.161818992856777,15.943037976538454,17.15182876586914,515456000
2022-12-09,17.14283680576932,17.565414066145607,16.958022372086035,16.98399543762207,465338000
2022-12-12,17.019964378211757,17.520462850697957,16.78020459668349,17.517465591430664,457328000
2022-12-13,18.512467050361487,18.77120879861469,17.69328744757466,18.053926467895508,656589000
2022-12-14,17.969011087419783,18.233747362128558,17.402578696343596,17.65632438659668,496888000
2022-12-15,17.128853387661163,17.302679168965806,16.683300254847847,16.935047149658203,478542000
2022-12-16,16.847134332454832,17.023957357323482,16.393587913415725,16.554426193237305,478232000
2022-12-19,16.55542806937623,16.592389818438555,16.128855034819484,16.23774528503418,354039000
2022-12-20,16.047933599626546,16.293687865100402,15.836146679866738,16.068912506103516,403260000
2022-12-21,16.097886834196,16.610374338355122,16.08589779725307,16.484498977661133,325025000
2022-12-22,16.07790496925897,16.12186159180077,14.867117143254697,15.323659896850586,565045000
2022-12-23,15.180803762657309,15.32366040889023,14.868117043970384,15.190793991088867,349326000
2022-12-27,15.058925281140848,15.084899302148365,14.041942751760569,14.106878280639648,464902000
2022-12-28,13.913073815046728,14.247738871660683,13.870116591640242,14.021965026855469,351066000
2022-12-29,14.387596879617865,14.668315033901369,14.212771707873936,14.588395118713379,354923000
2022-12-30,14.319663660456738,14.614368696054798,14.218764842042592,14.599384307861328,310490000
2023-01-03,14.836149193445959,14.981004654277776,14.081904060760499,14.300684928894043,401277000
2023-01-04,14.552433809742093,14.83814711680598,14.226759586910239,14.734251022338867,431324000
2023-01-05,14.476507176700567,14.549434120901816,14.133849812431897,14.250733375549316,389168000
2023-01-06,14.459525782981146,14.994990027309514,14.019966208080364,14.844141006469727,405044000
2023-01-09,15.268715599821135,16.039942919360875,15.125858005154026,15.612371444702148,504231000
2023-01-10,15.491492779879401,15.946037698097602,15.456527932742713,15.893091201782227,384101000
2023-01-11,15.824158513514837,16.011970219679487,15.547435115356448,15.984996795654297,353285000
2023-01-12,16.083899486490765,16.620361206682915,15.476506765719616,16.494487762451172,551409000
2023-01-13,16.261719936070204,16.905076865313244,16.148833986111153,16.882099151611328,447287000
2023-01-17,16.882101069354157,17.71027253708016,16.882101069354157,17.684297561645508,511102000
2023-01-18,17.64933195026429,17.8551253151724,17.264716740500983,17.359622955322266,439624000
2023-01-19,17.01896463226559,17.179804849106613,16.714271208962963,16.74823570251465,452932000
2023-01-20,16.993986450014212,17.838142558730407,16.808173556686363,17.82115936279297,564967000
2023-01-23,18.04593815680085,19.225759013171153,17.800185732033615,19.173810958862305,655163000
2023-01-24,18.808169697179686,19.47550276564291,18.801176728770063,19.245731353759766,496204000
2023-01-25,18.894086765066024,19.350630488500357,18.561419588158877,19.30367660522461,449537000
2023-01-26,19.681297222805807,20.14583232825715,19.258719930188406,19.782196044921875,489535000
2023-01-27,19.44253447559157,20.607368636676057,19.38559227826472,20.34463119506836,542142000
2023-01-30,19.93004958460622,20.11985820147362,19.13084848856238,19.142837524414062,488611000
2023-01-31,19.150830104290442,19.667313303213437,18.931050789927134,19.51746368408203,498017000
2023-02-01,19.671307485536968,21.17080582248784,19.591387567845597,20.922056198120117,660477000
2023-02-02,20.978997726890935,21.927048029670438,20.679298521540353,21.687288284301758,564276000
2023-02-03,20.978999007184377,21.723254810357187,20.76820957509745,21.078899383544922,429366000
2023-02-06,20.78519321039508,21.54842912938245,20.76521275361375,21.06791114807129,452197000
2023-02-07,21.360614360794933,22.23673802068742,21.12884604934928,22.15082359313965,664150000
2023-02-08,22.364609852385264,22.85511993042836,21.985989180590057,22.18279266357422,559651000
2023-02-09,22.583391079267905,22.996976567245348,22.097877100421048,22.314659118652344,523876000
2023-02-10,21.668308556927258,22.05591910392087,20.790187926657033,21.243732452392578,550737000
2023-02-13,21.51645680289639,22.02594690595999,20.941032731329045,21.766206741333008,474919000
2023-02-14,21.556418285015024,23.025947762746878,21.344630419532418,22.948026657104492,675474000
2023-02-15,22.52645058254248,22.832144335876976,22.083894699328933,22.741235733032227,420575000
2023-02-16,22.110863322037478,22.527446080733473,21.905069975862954,21.979995727539062,412026000
2023-02-17,21.609368499758,21.71825874769265,20.95402439345479,21.36661148071289,465888000
2023-02-21,20.97899644931204,21.47250184750639,20.597378544387798,20.634342193603516,410015000
2023-02-22,20.686291967581294,21.082894293531137,20.400576787707934,20.733243942260742,513184000
2023-02-23,23.416558173795323,23.86411008296413,23.001972300962063,23.64033317565918,1117995000
2023-02-24,23.201772660724565,23.450524180326013,22.924050815235166,23.262710571289062,589716000
2023-02-27,23.64632871610379,23.85611778942511,23.43054512484724,23.477497100830078,452994000
2023-02-28,23.348625571073445,23.801173550334713,23.182791220639693,23.192781448364258,455963000
2023-03-01,23.168807999209974,23.232745083054898,22.48549196735542,22.675302505493164,460026000
2023-03-02,22.465513328824382,23.35661963979288,22.40956766613419,23.290685653686523,389415000
2023-03-03,23.296676418290033,23.876096260572954,23.106865911464638,23.866106033325195,412393000
2023-03-06,23.867107967065923,24.223749385629638,23.463510762437853,23.530445098876953,437429000
2023-03-07,23.580400752368433,24.104964362524335,23.221697740559055,23.268659591674805,515154000
2023-03-08,23.467495262178186,24.179904417575,23.4045478535388,24.160919189453125,513573000
2023-03-09,24.154924912871536,24.43369447307599,23.36358275312628,23.416540145874023,501257000
2023-03-10,23.389562036275382,23.607381425129905,22.70712862155447,22.94593048095703,474866000
2023-03-13,22.733108829622278,23.278654989366956,22.27848671220757,22.946929931640625,421890000
2023-03-14,23.476487867060463,24.19888701960605,23.44051655907677,24.04301643371582,474910000
2023-03-15,23.74126688899198,24.26583051123997,23.340600837359847,24.2078800201416,524486000
2023-03-16,24.00704975815061,25.566752509117528,23.874158867454014,25.519792556762695,583253000
2023-03-17,25.960424630848856,26.377078166810012,25.646684297201393,25.703638076782227,848547000
2023-03-20,25.59373105710644,26.002391851549323,25.109133153737865,25.878494262695312,432747000
2023-03-21,26.158264675140984,26.37008855797071,25.359928248716365,26.177248001098633,547408000
2023-03-22,26.40305656588551,27.566091472465203,26.215212950904103,26.446022033691406,797295000
2023-03-23,27.092485590001715,27.476167523901886,26.667839239162014,27.16842269897461,564889000
2023-03-24,27.0085569440688,27.144443706351247,26.333117616110897,26.756765365600586,454920000
2023-03-27,26.814719789883053,26.977584573848024,26.34311152277126,26.508974075317383,361026000
2023-03-28,26.425039083852294,26.490984262629247,25.828534706856463,26.38806915283203,356104000
2023-03-29,26.80272526365729,27.055513525700643,26.57491395467883,26.961591720581055,393694000
2023-03-30,27.206390462009303,27.476166724602162,27.07949510855174,27.360261917114258,364516000
2023-03-31,27.117460914270833,27.810884824300686,27.082490132563102,27.75393295288086,433933000
2023-04-03,27.486155591511658,27.97674705699484,27.31329892606636,27.941776275634766,398716000
2023-04-04,27.942775040162378,27.97674720101981,27.28432191499647,27.430200576782227,368592000
2023-04-05,26.806721952265576,26.975580335763187,26.37308232607004,26.858678817749023,515015000
2023-04-06,26.561922527602437,27.057510906173512,26.405053322399837,27.01454734802246,397654000
2023-04-10,26.800724345120734,27.598061968083517,26.64685290782655,27.55609703063965,395279000
2023-04-11,27.700978013397847,27.76692318959248,27.103473133288535,27.146438598632812,314378000
2023-04-12,27.347274949110663,27.445193150748228,26.426039620920893,26.47300148010254,446259000
2023-04-13,26.71179772670093,26.86467054430278,26.307135282820585,26.441022872924805,353615000
2023-04-14,26.481990027168322,26.860675005002047,26.198225472529604,26.73577880859375,395660000
2023-04-17,26.542940633883788,26.98357440686349,26.41105027878462,26.979578018188477,321471000
2023-04-18,27.51014009932785,28.08666067670505,27.334285638782283,27.644027709960938,604812000
2023-04-19,27.338280018329133,27.97674934416324,27.209387427098346,27.907806396484375,358660000
2023-04-20,27.648021986147068,28.00672503718342,26.97757964609056,27.081493377685547,427713000
2023-04-21,26.929618278406625,27.160427351710336,26.69980973159089,27.096479415893555,345103000
2023-04-24,26.990569353375054,27.34327496276754,26.64885238383688,27.01954460144043,339282000
2023-04-25,27.055514550596037,27.22437484436602,26.20322411553106,26.219209671020508,378527000
2023-04-26,26.97957796491873,27.307304704799684,26.682823713649157,26.93361473083496,406337000
2023-04-27,27.340281221046943,27.47217159023553,26.60289311743897,27.203393936157227,377161000
2023-04-28,27.202390959322397,27.73494736073306,27.048517616065947,27.725955963134766,292216000
2023-05-01,27.81688091763852,29.033869862760206,27.756931277189757,28.8859920501709,570329000
2023-05-02,28.656187830632053,28.8120584439284,28.05968338673671,28.18657684326172,402730000
2023-05-03,27.8168839597217,28.3434468063841,27.449189488099005,27.778915405273438,383387000
2023-05-04,27.628040805780497,27.8358682890502,27.21738275503477,27.53911590576172,321850000
2023-05-05,27.802890497805507,28.731117903890393,27.70797008214086,28.65618133544922,361494000
2023-05-08,28.498313634929115,29.19573394414959,28.326457491586734,29.12679100036621,344979000
2023-05-09,28.875000355164328,28.94893830563209,28.426373831725307,28.547271728515625,314869000
2023-05-10,28.980912694288506,29.088824715990746,28.437365725975784,28.861013412475586,369350000
2023-05-11,28.872004608217654,28.92596062028458,28.22254475076314,28.55426788330078,322149000
2023-05-12,28.505311440794113,28.7561043901141,28.022712678290027,28.316469192504883,274222000
2023-05-15,28.484324933585533,28.94494253797439,28.12862158025983,28.928955078125,293926000
2023-05-16,28.817052724629356,29.845199573848124,28.80806132560358,29.188743591308594,449405000
2023-05-17,29.559430384373677,30.173919403634283,29.40555895083751,30.152936935424805,432535000
2023-05-18,30.38474850266172,31.80157031583205,30.29482308288843,31.651695251464844,748725000
2023-05-19,31.50981251370551,31.553776602186183,30.89032841498642,31.238039016723633,473908000
2023-05-22,30.875338986536004,31.49382635847514,30.654523739106693,31.15011215209961,372000000
2023-05-23,30.974254895318953,31.262015821714414,30.605561863481356,30.662513732910156,356253000
2023-05-24,30.184913250484932,30.58158485433067,29.781249395568967,30.51264190673828,721419000
2023-05-25,38.491004098045735,39.447210007542544,36.60457166088481,37.948455810546875,1543911000
2023-05-26,37.858535295090505,39.137471155324974,37.51881748077454,38.913658142089844,714397000
2023-05-30,40.56129320908205,41.903176556488546,39.91582970590061,40.077693939208984,923401000
2023-05-31,39.45520761311079,40.26153667698876,37.79059071532984,37.802581787109375,1002580000
2023-06-01,38.457038285135596,40.01674290011226,38.30816374839411,39.736976623535156,635873000
2023-06-02,40.06369919155993,40.46636437435307,39.02556062706971,39.29433822631836,482731000
2023-06-05,38.876693830155325,39.53214737766458,38.674861888368824,39.13847732543945,396094000
2023-06-06,38.79775882224138,39.12748282035394,38.116322111286685,38.62190246582031,388729000
2023-06-07,38.886705495226614,39.47028049803264,37.32883713586247,37.447750091552734,511998000
2023-06-08,37.69657810413266,38.83574884803621,37.47773933461828,38.48200607299805,417772000
2023-06-09,39.00861399501781,39.68212369971367,38.538958335587395,38.7418098449707,427717000
2023-06-12,39.17150398137998,39.501262102808724,38.58992633945342,39.45329666137695,388701000
2023-06-13,40.156792771911256,41.071128645039984,39.71111778820096,40.992183685302734,613208000
2023-06-14,40.79431977201554,42.968736375923285,40.5225143610938,42.96574020385742,740465000
2023-06-15,42.57103621355931,43.25753714671118,42.11636509751025,42.62199783325195,568622000
2023-06-16,43.41840945055139,43.689212322344694,42.6299816471878,42.66096115112305,655709000
2023-06-20,42.966744812657,43.95802428329941,42.64297902478398,43.776153564453125,451153000
2023-06-21,43.46937213953319,43.58329148223386,42.04940765326737,43.013702392578125,551603000
2023-06-22,42.222282851099834,43.394430482977334,42.203299468583864,42.99372482299805,417737000
2023-06-23,42.43312605670876,42.77787262265415,41.984451203476524,42.17831039428711,358140000
2023-06-26,42.43012378131747,42.732904863087526,40.07084047914839,40.602455139160156,594322000
2023-06-27,40.76933026515857,41.909499357470295,40.41858759024805,41.84554672241211,462175000
2023-06-28,40.63044011815251,41.81457999808646,40.488545059577945,41.08710861206055,582639000
2023-06-29,41.527785226902004,41.56975450915622,40.57048152757147,40.792320251464844,380514000
2023-06-30,41.64969465752979,42.51906101069841,41.470823955071786,42.271240234375,501148000
2023-07-03,42.48608848507777,42.8668120169638,42.171318861986485,42.382164001464844,198209000
2023-07-05,42.10437270548026,43.14561514993879,42.05440981011897,42.2862434387207,323618000
2023-07-06,41.81357714164247,42.14833264944414,41.31593813787909,42.0723876953125,303582000
2023-07-07,42.29122733401887,43.18258088740522,42.149332286394056,42.47209548950195,355881000
2023-07-10,42.62599220515189,42.77987958473674,41.618721733111734,42.14933776855469,353908000
2023-07-11,42.45011717550455,42.72691623562603,42.03642048343686,42.37417221069336,298244000
2023-07-12,43.001715152832105,43.903059808967086,42.74590075117866,43.87008285522461,481277000
2023-07-13,44.485645230341056,46.12145266003321,44.45966315166359,45.94358444213867,478204000
2023-07-14,46.54913599395856,48.053042979669556,45.027244350268305,45.43594741821289,772075000
2023-07-17,46.25535497097536,46.462201427028674,45.2291010485681,46.42722702026367,510488000
2023-07-18,46.66704612621804,47.86117699331049,45.700750131517545,47.459468841552734,569164000
2023-07-19,47.42949003823852,47.78323273939186,46.708014876201304,47.04277038574219,427502000
2023-07-20,46.473193831210935,47.052774056440455,45.029244512878805,45.48691177368164,537865000
2023-07-21,45.754711707343915,45.83265793125683,44.067939106833165,44.27678680419922,963769000
2023-07-24,44.69847610025229,45.07620343021659,44.00798043185595,44.57956314086914,382516000
2023-07-25,44.90832769720461,46.14942147302996,44.8903392287754,45.645790100097656,348081000
2023-07-26,45.98753948381612,46.019517711894565,44.59755199508339,45.41895294189453,364237000
2023-07-27,46.48518000024853,47.360542567448725,45.716738084889066,45.86663055419922,455976000
2023-07-28,46.634066124454165,46.99280624791051,46.3472760576362,46.716007232666016,331194000
2023-07-31,46.72000974655935,47.095735831876695,46.47218895380473,46.69502639770508,251055000
2023-08-01,46.42622359131387,46.86590615971662,45.99353971547932,46.47319030761719,237858000
2023-08-02,45.79768896870756,45.806681298718125,43.35546514879733,44.23682403564453,530142000
2023-08-03,43.76815517445485,45.08519773730657,43.76815517445485,44.482635498046875,324176000
2023-08-04,44.95230057010458,45.60882067268021,44.36073184609566,44.64752197265625,362666000
2023-08-07,45.07820630485827,45.506895294186684,44.53060434183165,45.38398361206055,322154000
2023-08-08,44.82038487377403,45.209101943561166,44.02396354408651,44.63152313232422,353843000
2023-08-09,44.24181457881286,44.27978896852582,42.1033707988195,42.523067474365234,586449000
2023-08-10,42.129350474246436,43.54232399177734,41.80458597956359,42.35718536376953,492705000
2023-08-11,41.72064293519623,41.98745090774671,40.6094519413775,40.825294494628906,533085000
2023-08-14,40.456568112182865,43.768158123210526,40.28169609363209,43.72119140625,690286000
2023-08-15,44.52761409490768,45.23509968648894,43.678229608151845,43.90806198120117,676512000
2023-08-16,44.487640294428644,44.642526410074055,43.37444779920779,43.45439147949219,527451000
2023-08-17,43.938036744094546,44.02996891832421,42.969739400582895,43.31249237060547,452395000
2023-08-18,42.60400217656772,43.546317397362685,41.62971253779868,43.267520904541016,583768000
2023-08-21,44.46165201493228,47.030782025071126,44.18985040134457,46.93285369873047,692573000
2023-08-22,48.10000155373569,48.15196569860594,45.30004062070193,45.634796142578125,755293000
2023-08-23,45.832657681466124,47.165687530536545,45.175135085824124,47.081748962402344,779046000
2023-08-24,50.179489575369686,50.22945246000163,47.124712989648934,47.12870788574219,1156044000
2023-08-25,46.97782740620056,47.77025023235798,44.99126973402356,45.98455047607422,925341000
2023-08-28,46.44820509438741,46.945844136189635,44.85536600768865,46.80094909667969,685192000
2023-08-29,46.632071231077255,49.04531628812588,46.35726964870884,48.748531341552734,701397000
2023-08-30,49.008338674508195,49.89069606305402,48.389789269751844,49.228179931640625,735206000
2023-08-31,49.34410184954682,49.70783563609758,48.922407758819745,49.31911849975586,528570000
2023-09-01,49.72582320725818,49.76379378137674,48.10699823052651,48.473731994628906,463830000
2023-09-05,48.18794605289678,48.81549172198567,47.825210956107306,48.51271057128906,382653000
2023-09-06,48.409770048373865,48.5176983121161,46.54996984821671,47.03065872192383,468670000
2023-09-07,45.49565127611613,46.31412350573911,45.122890653596215,46.21118927001953,433330000
2023-09-08,45.912385845022,46.575955463730146,45.241816956969146,45.54262161254883,473069000
2023-09-11,46.1182482612765,46.133237981165,44.28343335195331,45.14887619018555,473966000
2023-09-12,44.709153407474325,45.643551923371255,44.502286142152805,44.841068267822266,349256000
2023-09-13,44.571245445404095,45.90038984188142,44.474307858028645,45.4556770324707,398355000
2023-09-14,45.92038211332298,45.95735701328926,45.101909783891045,45.55162048339844,370097000
2023-09-15,45.31176938864075,45.56960248299807,43.77975673017383,43.871700286865234,506831000
2023-09-18,42.720443095064276,44.213479451862526,41.972924204170205,43.93765640258789,500271000
2023-09-19,43.80474129556245,43.93765497175379,42.97427575565499,43.491943359375,373064000
2023-09-20,43.57189573593531,43.874701837692996,42.19578439055347,42.21177291870117,367108000
2023-09-21,41.5561956700247,42.07286070255986,40.95358372498065,40.99055862426758,450736000
2023-09-22,41.54519433277662,42.087847304445255,41.20441459488325,41.58317184448242,479236000
2023-09-25,41.56418850458507,42.508579017607495,41.15045392041829,42.19478225708008,419091000
2023-09-26,41.97392575085955,42.79239807025896,41.62814811031587,41.88398361206055,402282000
2023-09-27,42.30271271186717,42.844363114706354,41.60216441597511,42.44062042236328,444935000
2023-09-28,42.432618445848725,43.41798267758721,42.08784351392444,43.061214447021484,424663000
2023-09-29,43.79873869157932,44.115535622315164,43.279073545812075,43.470951080322266,397830000
2023-10-02,44.001606442972545,45.14586855781118,43.832716701966795,44.75312423706055,433298000
2023-10-03,44.77910920077743,45.10090400420974,43.2181160083425,43.48894119262695,470850000
2023-10-04,43.713800550252934,44.11454300550294,43.26408989829739,44.01260757446289,361821000
2023-10-05,44.021601937102886,44.87105626291606,43.859707622537925,44.6591911315918,393483000
2023-10-06,44.16450946291641,45.759481188953075,43.99761731119279,45.73249816894531,434436000
2023-10-09,44.81308310202198,45.57559157643432,44.339389732508636,45.243804931640625,409675000
2023-10-10,45.28079400115597,46.229179763507624,45.05893698303584,45.76847839355469,368582000
2023-10-11,46.16622190201643,46.82879655508957,46.02031610290556,46.77582931518555,378137000
2023-10-12,46.746842929581085,47.57830726462998,46.30013251687724,46.91473388671875,481325000
2023-10-13,46.92972437247631,47.0856258439627,45.25080714920821,45.43169021606445,474115000
2023-10-16,45.03394854361238,46.19519817588755,44.8830449142491,46.065284729003906,375099000
2023-10-17,43.971639725117456,44.72515534952336,42.452618986235684,43.9096794128418,812333000
2023-10-18,42.563538500675094,43.19113575483381,41.79803354808787,42.168792724609375,627294000
2023-10-19,42.783401532452814,43.26908828015481,41.85499958396407,42.07386016845703,501233000
2023-10-20,41.86299127969732,42.44261916103959,41.05151453316081,41.36031723022461,477266000
2023-10-23,41.20242325687503,43.22012278548461,40.91860593108143,42.947296142578125,478530000
2023-10-24,43.049228794577566,43.66882802570082,42.66347986731124,43.634849548339844,401463000
2023-10-25,43.37001943801499,43.62185968396837,41.52820914347359,41.7520637512207,398379000
2023-10-26,41.82601906009142,42.22875913409801,39.85429143072344,40.30000305175781,541001000
2023-10-27,41.10348715819275,41.17943837928563,39.98920425077625,40.47389221191406,416784000
2023-10-30,41.06051446991565,41.73907378443747,40.45490233078289,41.134464263916016,388028000
2023-10-31,40.42392640316341,40.852650720636724,39.204711603972164,40.75371170043945,517969000
2023-11-01,40.857645026484356,42.353681706486846,40.84265530544935,42.2977180480957,437593000
2023-11-02,43.30006060911841,43.85570184848127,42.866342349318806,43.47794723510742,409172000
2023-11-03,43.99161716605405,45.27978369407566,43.69480778178644,44.975982666015625,424610000
2023-11-06,45.25581258540271,45.905395169801956,44.8700597857138,45.72151184082031,400733000
2023-11-07,45.68952896873558,46.18820402459903,45.128889794516326,45.925376892089844,343165000
2023-11-08,46.07027857367067,46.83678620591324,45.93836370236791,46.543975830078125,346719000
2023-11-09,47.43639611181253,48.198904678121394,46.719859321767146,46.91973114013672,540496000
2023-11-10,47.46937982263058,48.440753359097926,47.25252065392858,48.30384063720703,421245000
2023-11-13,48.28884773723465,49.08433598855006,48.06798954522677,48.588653564453125,384136000
2023-11-14,49.64797189172138,49.801871937843956,49.00838510603704,49.623985290527344,416954000
2023-11-15,49.902809365822506,49.927790961524366,48.168927272564574,48.856483459472656,475497000
2023-11-16,48.64761873945954,49.49307401570829,48.29884470682521,49.44810104370117,339756000
2023-11-17,49.49207615888525,49.68495254819164,48.975411113822275,49.2662239074707,325205000
2023-11-20,49.28021380853264,50.515417145162935,49.14929773253739,50.37650680541992,414120000
2023-11-21,50.09368225266799,50.48442900851123,49.1902657498463,49.911800384521484,565747000
2023-11-22,49.819862426084605,50.302548939584284,47.659253670052365,48.684593200683594,899420000
2023-11-24,48.438750082118126,48.88945951237367,47.7142152401005,47.74519729614258,294645000
2023-11-27,47.769182964937485,48.49871188238506,47.62127956875629,48.210899353027344,395662000
2023-11-28,48.204898277235316,48.29184398043461,47.442389759187826,47.790164947509766,401491000
2023-11-29,48.347811153163846,48.73056364947179,47.82914475163215,48.10896301269531,382005000
2023-11-30,47.993034557521675,48.07898145694806,46.392070077516905,46.739845275878906,526247000
2023-12-01,46.495008690555146,47.169572782203616,46.15722533542331,46.7348518371582,369317000
2023-12-04,46.047291437827624,46.047291437827624,44.980978046044385,45.480655670166016,437543000
2023-12-05,45.44067987557897,46.57404722962781,45.245788774851796,46.540069580078125,371718000
2023-12-06,47.188709647488736,47.36061475805966,45.38671220041947,45.4776611328125,380590000
2023-12-07,45.6745596236791,46.60304330443567,45.57861239575866,46.57006072998047,350823000
2023-12-08,46.56905734985708,47.71441917110969,46.52408042310089,47.479549407958984,359224000
2023-12-11,47.46456109151934,47.50453592444969,45.8044865345936,46.60103988647461,509728000
2023-12-12,46.02036339199116,47.63946032153252,46.02036339199116,47.63046646118164,372387000
2023-12-13,47.60248560623417,48.56694852407048,47.58149738885303,48.06122970581055,447792000
2023-12-14,48.36305679932983,48.64289968086901,47.395597257027774,48.32307815551758,391232000
2023-12-15,48.16716233251439,49.37648760181643,48.09320222955156,48.86277389526367,479948000
2023-12-18,49.37249683921415,50.40491882356695,49.12263603296827,50.04911804199219,412587000
2023-12-19,49.396473996646186,49.67232125952952,48.86776928450163,49.57637405395508,464444000
2023-12-20,49.62734838444094,49.97115859701397,48.07121619318162,48.08420944213867,397894000
2023-12-21,48.783821596134075,49.06766385409553,48.39203776733346,48.96272277832031,300425000
2023-12-22,49.16761681197678,49.355511893056224,48.44002139026376,48.80282211303711,252507000
2023-12-26,48.9407287654443,49.572376781102484,48.93273380006729,49.251556396484375,244200000
2023-12-27,49.483433835302336,49.65233845498923,49.05766853127738,49.38948440551758,233648000
2023-12-28,49.61535772949362,49.85622084400242,49.384483556355164,49.494422912597656,246587000
2023-12-29,49.78526123454254,49.969160695229064,48.7238523373362,49.494422912597656,389293000
2024-01-02,49.21657920112469,49.267549491534815,47.56849914375037,48.141178131103516,411254000
2024-01-03,47.45855812854748,48.15716638258974,47.29364909537562,47.542510986328125,320896000
2024-01-04,47.740404942993884,48.47299856752152,47.481550264732384,47.97127914428711,306535000
2024-01-05,48.43501923291163,49.51941421396134,48.27910404671196,49.069664001464844,415039000
2024-01-08,49.48443254074205,52.24589457837139,49.45144996976697,52.22390365600586,642510000
2024-01-09,52.37182563719699,54.29475419696261,51.66121915258384,53.11041259765625,773100000
2024-01-10,53.58615158748565,54.56960111335146,53.45921957741913,54.319740295410156,533796000
2024-01-11,54.96837295906674,55.31517984530642,53.530175126278365,54.79146957397461,596759000
2024-01-12,54.58958868273426,54.939396104159464,54.2997530407885,54.67953872680664,352994000
2024-01-16,54.98736610755934,56.80335188433168,54.86943178251625,56.35060501098633,449580000
2024-01-17,56.31562839717504,56.43955990801359,54.70952466514394,56.021793365478516,474394000
2024-01-18,57.22811380906235,57.56792463682623,56.07575596466505,57.075199127197266,491650000
2024-01-19,57.95671539051007,59.466875788583536,57.19314077752002,59.457881927490234,543501000
2024-01-22,60.01557296609282,60.29741748276443,59.03711784381909,59.620792388916016,452955000
2024-01-23,59.536831763324194,59.876642607504685,58.55237959065836,59.839664459228516,294654000
2024-01-24,60.270429235036126,62.814010587371705,59.90463186103389,61.32783889770508,560271000
2024-01-25,62.31528094129938,62.68407876992676,60.81611616664833,61.58269119262695,482777000
2024-01-26,60.92606110295733,61.74860477846685,60.53927933125107,60.99702072143555,390309000
2024-01-29,61.19790260674366,62.4542026404575,60.87308662667512,62.43021774291992,348733000
2024-01-30,62.86497729318725,63.457645602005435,62.225330458008614,62.739044189453125,410735000
2024-01-31,61.40578727537811,62.23432804617364,60.66620146120928,61.492740631103516,453795000
2024-02-01,62.06541944015991,63.15581535659614,61.615673062934434,62.991905212402344,369146000
2024-02-02,63.938381369175765,66.56291878931643,63.654539090246594,66.1231689453125,476578000
2024-02-05,68.18701012748092,69.45830503749701,67.16758142852466,69.29339599609375,680078000
2024-02-06,69.59122707783612,69.71515858330277,66.26308702618283,68.18501281738281,683111000
2024-02-07,68.28095195120673,70.18089422020962,67.56235060844563,70.0599594116211,495575000
2024-02-08,70.03498384281633,70.75458420328539,69.41633280176669,69.60222625732422,414422000
2024-02-09,70.49373428612587,72.14481511205457,70.17291382776136,72.09284973144531,436637000
2024-02-12,72.55957267433736,74.56945447682682,71.21032591879988,72.20777130126953,613710000
2024-02-13,70.36080999462226,73.40910749101484,69.58124543898839,72.08784484863281,602580000
2024-02-14,73.16124677886643,74.19466766232887,71.89795059750436,73.85885620117188,504917000
2024-02-15,73.82787028335872,73.93380643951798,72.35968650824275,72.61753845214844,420122000
2024-02-16,74.05873462198204,74.36056840015162,72.46062602851259,72.57256317138672,495327000
2024-02-20,71.90693589131082,71.91593356383504,67.6962844049487,69.413330078125,704833000
2024-02-21,67.9681399359681,68.84965273678795,66.21112295055113,67.43444061279297,673755000
2024-02-22,74.98321866434527,78.53123702620657,74.1786666792708,78.4942626953125,865100000
2024-02-23,80.74501027740159,82.34811331480627,77.52680222303147,78.77310943603516,829388000
2024-02-26,79.6556292519544,80.60110940022084,78.4612947940882,79.0479736328125,503973000
2024-02-27,79.3367948159067,79.43574633865495,77.11903628247967,78.65717315673828,391705000
2024-02-28,77.57678328073024,78.88904810428491,77.08205615581203,77.61975860595703,393110000
2024-02-29,79.04995966772168,79.94545684182245,78.30637065695909,79.06794738769531,507289000
2024-03-01,79.95544705800646,82.2541692109824,79.39075927311268,82.2331771850586,479135000
2024-03-04,84.08315120139147,87.64616854479111,83.67238457234258,85.18953704833984,615616000
2024-03-05,85.22652719248794,86.05310907669562,83.37447499815761,85.92017364501953,520639000
2024-03-06,87.97712182383515,89.67824984643924,86.9856232402923,88.65476989746094,582520000
2024-03-07,90.11201372188047,92.71968420903526,89.55629754335479,92.62173461914062,608119000
2024-03-08,95.08948806655721,97.35033567284756,86.46188588221935,87.48336791992188,1142269000
2024-03-11,86.38492752767289,88.75171621511622,84.1230810265849,85.73026275634766,678364000
2024-03-12,88.00409921373667,91.91310011628946,86.10606561656215,91.86612701416016,668075000
2024-03-13,91.00856657140831,91.45733510152752,88.38989990202793,90.8416519165039,635713000
2024-03-14,89.53131740403234,90.59977243652932,86.55583073162953,87.8991470336914,602318000
2024-03-15,86.8856706502334,89.50033394584524,86.2130173215006,87.79220581054688,642086000
2024-03-18,90.34191762912647,92.35788758620774,87.04060020712583,88.40990447998047,668976000
2024-03-19,86.65579447616338,90.49783644933297,84.96666127835144,89.35242462158203,672171000
2024-03-20,89.75120872764549,90.36390274155225,88.17801382637771,90.32592010498047,479063000
2024-03-21,92.2529387505123,92.60076087628697,90.3589007516049,91.38837432861328,480372000
2024-03-22,91.09451627074266,94.72966241146648,90.78767363601877,94.24091339111328,586719000
2024-03-25,93.89309629655145,96.71665262612369,93.46231633076846,94.95355224609375,552136000
2024-03-26,95.8021249691622,96.32585986372577,92.4548335490284,92.51380157470703,513648000
2024-03-27,93.06451960589087,93.19245268869888,89.07755527294492,90.2039794921875,586067000
2024-03-28,89.95410761772509,91.25344777796057,89.14751991247192,90.30992889404297,435212000
2024-04-01,90.25295469319977,92.17796738530402,89.15851187965868,90.3169174194336,452441000
2024-04-02,88.4028863469108,90.04805054821496,87.57531335437362,89.40637969970703,433064000
2024-04-03,88.43888912667452,90.32792493292138,88.35493231864154,88.91864013671875,370067000
2024-04-04,90.35988689456467,90.58777505707383,85.83619439258581,85.8611831665039,434965000
2024-04-05,86.82170353525082,88.43588552210704,85.88218803532831,87.96312713623047,399678000
2024-04-08,88.65475649731144,88.7846950725735,86.68776556126254,87.08856201171875,283220000
2024-04-09,87.39739525078261,87.59029759028141,82.97965182031417,85.31045532226562,501700000
2024-04-10,83.8832095968993,87.35543726810234,83.66631737551937,86.99462127685547,431929000
2024-04-11,87.37542414329695,90.69273208355851,86.8816803570947,90.56979370117188,431637000
2024-04-12,89.65327386017714,90.1290367728089,87.48538077869667,88.14104461669922,426805000
2024-04-15,89.05256658600005,90.56679344486741,85.88518380835967,85.95714569091797,443077000
2024-04-16,86.38892089132743,88.0730591608871,86.02011339953525,87.37042236328125,370453000
2024-04-17,88.2949386437983,88.72972195798647,83.90717836732355,83.99214172363281,495400000
2024-04-18,84.92666635523963,86.14604537295341,82.35997524716916,84.62781524658203,447260000
2024-04-19,83.10760934336838,84.28100677926233,75.56745676539116,76.16114807128906,875198000
2024-04-22,78.06418210293918,80.03218015762211,76.36105597772573,79.47746276855469,596341000
2024-04-23,80.7278102893302,82.72679042021001,80.2230705514645,82.38096618652344,438559000
2024-04-24,83.90719166390734,84.03912814064545,79.14262401880819,79.6363754272461,512208000
2024-04-25,78.82777847791279,83.28050853708768,78.18311074273281,82.5898666381836,424641000
2024-04-26,83.77525942235107,88.28595859317252,83.34447944649524,87.69026184082031,551011000
2024-04-29,87.55033742522801,87.94713054569272,85.22252257935692,87.7122573852539,388971000
2024-04-30,87.195526189522,88.77372365378562,86.25601055156,86.35795593261719,363709000
2024-05-01,85.03361435183398,85.95614014617317,81.21355734292688,82.99864959716797,559863000
2024-05-02,84.40593290133356,86.19302312746696,83.15756927733226,85.77323913574219,377898000
2024-05-03,87.7442309865165,89.23546686580507,86.99561241116382,88.74372100830078,398341000
2024-05-06,89.34441239026923,92.17297098055205,89.00958414820802,92.09300994873047,376203000
2024-05-07,91.05153374398775,91.73418402804691,88.96560026111723,90.5078125,437342000
2024-05-08,89.43737100980039,91.14749704338682,89.37439959760155,90.36589813232422,325721000
2024-05-09,90.48284079234612,91.02556319779642,88.18601596391863,88.70175170898438,378013000
2024-05-10,90.25894513362616,91.35438684926548,89.18149198091324,89.83216094970703,335325000
2024-05-13,90.43186737899792,90.95160653164567,88.48386356145281,90.35291290283203,289680000
2024-05-14,89.55330988776338,91.60426546540805,88.88864807554503,91.30941772460938,296507000
2024-05-15,92.42484465754981,94.81362528334245,91.55228873986127,94.58174133300781,417735000
2024-05-16,94.8616117597436,95.77014487035822,94.05501639356171,94.3108901977539,323952000
2024-05-17,94.3208822477914,94.69168763651655,91.75918564554273,92.43183898925781,359691000
2024-05-20,93.70220811729594,95.1514658859747,93.39236858928308,94.73168182373047,318764000
2024-05-21,93.55126534071833,95.35134936664903,93.1324803037148,95.33735656738281,328946000
2024-05-22,95.41033161983772,95.97104261511556,93.20145926272119,94.9015884399414,548648000
2024-05-23,101.97598526792865,106.26579699236947,101.46824101677741,103.74608612060547,835065000
2024-05-24,104.39573676851408,106.42070464479184,102.94747814509458,106.41471099853516,429494000
2024-05-28,110.1877929460902,114.88039879120554,109.82697694894155,113.84292602539062,652728000
2024-05-29,112.99235261607853,115.43310102209165,110.84444643564275,114.76644134521484,557442000
2024-05-30,114.59154239421389,115.75994504924772,109.60708571421941,110.44365692138672,484553000
2024-05-31,112.46262402548862,112.65952979992652,106.88547499697964,109.57710266113281,613263000
2024-06-03,113.56306583418551,114.94136047363281,111.94588702357191,114.94136047363281,438392000
2024-06-04,115.65700669071254,116.54055105021374,113.98685338816156,116.37763214111328,403324000
2024-06-05,118.31064561773049,122.38656157559062,117.40810617337777,122.37757110595703,528402000
2024-06-06,123.98473454180629,125.52295114690725,118.25965887862115,120.93629455566406,664696000
2024-06-07,119.70892124903274,121.62994584355768,117.9618191498612,120.82635498046875,412386000
2024-06-10,120.30862356189567,123.0372272074531,116.95033628620642,121.72789764404297,313434100
2024-06-11,121.71790142895497,122.81743693170633,118.6891989331394,120.8582763671875,222551200
2024-06-12,123.00735466296415,126.82572022932071,122.51756641163499,125.14643859863281,299595000
2024-06-13,129.33464307228707,129.74447132445016,127.10560139337456,129.55455017089844,260704500
2024-06-14,129.90441625095465,132.78317395786428,128.26511837192902,131.82359313964844,309320400
2024-06-17,132.9331153831068,133.67278906643185,129.52457044327446,130.92396545410156,288504400
2024-06-18,131.08388532556722,136.27166699428068,130.63408092847425,135.52198791503906,294335100
2024-06-20,139.74020619139688,140.69978702792184,129.46460449105635,130.72406005859375,517768400
2024-06-21,127.0656139833598,130.57411435219748,124.24682083583242,126.5158462524414,649445800
2024-06-24,123.18725776161229,124.40673688729653,117.9894861328688,118.05945587158203,476060900
2024-06-25,121.14814167969276,126.44587713171062,119.26894878077069,126.03604888916016,414192600
2024-06-26,126.07603561970313,128.0651821115694,122.54754706402704,126.3459243774414,362975900
2024-06-27,124.04689659574252,126.35591334202208,122.86740120783881,123.93694305419922,252571700
2024-06-28,124.52670042256338,127.65535851030685,122.69748155565787,123.48714447021484,315516700
2024-07-01,123.41718700299181,124.78659610560356,118.77917237025213,124.24683380126953,284885500
2024-07-02,121.07817351581278,123.35720445635805,120.97821782460922,122.61751556396484,218374000
2024-07-03,121.60795022813568,128.22511291503906,121.30807553564613,128.22511291503906,215749000
2024-07-05,127.32550112143423,128.7948810674807,125.62623147151251,125.77616882324219,214176700
2024-07-08,127.43544631776729,130.7140492483546,126.98564191819271,128.1451416015625,237677300
2024-07-09,130.29424856790877,133.76276548705792,128.59496354527897,131.3238067626953,285366600
2024-07-10,133.9726664675838,135.04221608834806,132.36335454676214,134.852294921875,248978600
2024-07-11,135.69193143030844,136.09175422496259,126.99565600235432,127.34550476074219,374782700
2024-07-12,128.20513111513003,131.86356920556344,127.16558268757724,129.18472290039062,252680500
2024-07-15,130.50414372087192,131.33379047542198,127.1255924372887,128.3850555419922,208326200
2024-07-16,128.38505064333017,128.9847847878456,124.52670149646414,126.30593872070312,214769500
2024-07-17,121.29808499297587,121.79787109317448,116.67006845054381,117.93952178955078,390086200
2024-07-18,121.79786974825338,122.34763750285344,116.51013195140489,121.03819274902344,320979500
2024-07-19,120.29850995680886,121.54797517785201,117.31978914047505,117.87954711914062,217223800
2024-07-22,120.2985068676328,124.01691649015211,119.80871864887781,123.48714447021484,258068900
2024-07-23,122.72747303753543,124.63665959294896,122.04776363902835,122.53755187988281,173911000
2024-07-24,119.11900367331029,119.89866868030745,113.3914598904436,114.20111083984375,327776900
2024-07-25,112.99163342891377,116.580093681362,106.25451947131738,112.2319564819336,460067000
2024-07-26,116.14029297278634,116.15028320368103,111.53226465502331,113.01162719726562,293399100
2024-07-29,113.64136695751597,116.23025532001331,111.25238998649994,111.5422592163086,248152100
2024-07-30,111.47228355856528,111.94208369239041,102.49612986212257,103.68562316894531,486833300
2024-07-31,112.85168535455355,118.28935209111981,110.83254555393661,116.96991729736328,473174200
2024-08-01,117.47971689042026,120.10859659996095,106.76430191931924,109.16327667236328,523462300
2024-08-02,103.71561292679569,108.67349009112934,101.3266359945612,107.22410583496094,482027500
2024-08-05,92.020610744235,103.36576087778293,90.65120176374947,100.40702056884766,552842400
2024-08-06,103.79557030996848,107.66391734722711,100.50698458680512,104.20539855957031,409012100
2024-08-07,107.76386930019544,108.75345120343057,98.64777632103673,98.86768341064453,411440400
2024-08-08,101.95635654950479,105.45485898012505,97.47827008281362,104.92508697509766,391910000
2024-08-09,105.59480355882924,106.55439192807604,103.38574997554278,104.70518493652344,290844200
2024-08-12,106.27452369861088,111.02249199260416,106.21455180262768,108.9733657836914,325559900
2024-08-13,112.3918952304853,116.18027460234957,111.53226256952769,116.0903091430664,312646700
2024-08-14,118.47929970941885,118.54926946313572,114.02120830914065,118.02949523925781,339246400
2024-08-15,118.7091971963176,123.18727640390337,117.41974813678404,122.80744171142578,318086700
2024-08-16,121.88783295977665,124.94652136236562,121.12815597457694,124.52670288085938,302589900
2024-08-19,124.22682769827617,129.9443817138672,123.36719502454015,129.9443817138672,318333600
2024-08-20,128.345066215563,129.82444407435935,125.83614544847738,127.19556427001953,300087400
2024-08-21,127.26551201028192,129.2946496603409,126.60579842852306,128.44500732421875,257883600
2024-08-22,129.96437709388331,130.69406050330699,123.04733191995243,123.68705749511719,376189100
2024-08-23,125.80614369005178,129.54454879248973,125.16641816339359,129.31463623046875,323230300
2024-08-26,129.5145768150302,131.20384101513017,124.3167968178151,126.40589904785156,331964700
2024-08-27,124.99650751528328,129.14472607274774,123.8270022374259,128.2451171875,303134600
2024-08-28,128.06518755846798,128.27510443502842,122.58753608006307,125.55626678466797,448101100
2024-08-29,121.30807159752445,124.37675766304139,116.66005977160985,117.53968048095703,453023300
2024-08-30,119.47885915972935,121.69791057687668,117.169849908653,119.31893157958984,333751600
2024-09-03,115.96036355880885,116.1602749319815,107.24409346859224,107.95378875732422,477155100
2024-09-04,105.36491282865293,113.22154357052297,104.07546373187543,106.16456604003906,372470300
2024-09-05,104.94508720389065,109.60309749669094,104.71518985962717,107.16413879394531,306850700
2024-09-06,107.99376493617882,108.10371847150348,100.90679515321645,102.78599548339844,413638100
2024-09-09,104.83512996607128,106.50442134190934,103.64564422957986,106.42445373535156,273912000
2024-09-10,107.76386463370491,109.35318822314704,104.90508784485718,108.05374145507812,268283700
2024-09-11,109.34319840779227,117.13986433729632,107.37404002456883,116.8599853515625,441422400
2024-09-12,116.80000446674823,120.74865704096976,115.34050510922769,119.0992202758789,366052700
2024-09-13,119.0392295640139,119.91892551173434,117.55973295121166,119.05921936035156,238358300
2024-09-16,116.75001183404176,118.13953528569532,114.32084356482326,116.7400131225586,248772300
2024-09-17,118.12954900355818,118.75933823796504,114.79069593440207,115.55043029785156,231925900
2024-09-18,115.850318172966,117.659695980885,113.18123422247302,113.33118438720703,310318900
2024-09-19,117.30982462581498,119.6190390017094,117.20986038538442,117.82965087890625,293506400
2024-09-20,117.01992368452845,118.57939482627764,115.35049721640073,115.96028900146484,382462400
2024-09-23,116.51010886475667,116.94995306986277,114.82068489843978,116.22020721435547,206228500
2024-09-24,116.4801041033547,121.75830281490052,115.34049501127092,120.82862091064453,354966800
2024-09-25,121.9782246233193,124.8972307941946,121.56836894761845,123.46772003173828,284692900
2024-09-26,126.75660075164774,127.62629807870698,121.75831219877176,123.99754333496094,302582900
2024-09-27,123.9275641535197,123.9875411739155,119.21917738287792,121.35844421386719,271009200
2024-09-30,118.26949648274505,121.45840689022769,118.10955522149155,121.39842987060547,226553700
2024-10-01,121.72830933905863,122.39808576451375,115.7503608309228,116.95994567871094,302094500
2024-10-02,116.40014740227824,119.33913591399957,115.1005893150636,118.80931854248047,221845900
2024-10-03,120.87860561160097,124.31743049345978,120.2988023230489,122.80794525146484,277118000
2024-10-04,124.89723283717322,124.99719707970252,121.78829684578011,124.87723541259766,243678100
2024-10-07,124.94720840149982,130.59527568838965,124.90722118000957,127.67627716064453,346250200
2024-10-08,130.2153933149511,133.43429200303964,129.3756845929013,132.84449768066406,285722500
2024-10-09,134.06407522234613,134.4739384804798,131.33501437000257,132.6045684814453,246191600
2024-10-10,131.86483875930813,134.95377710780917,130.9551466749852,134.7638397216797,242311300
2024-10-11,133.9641223517835,135.73352074472976,133.61425131031754,134.7538604736328,170209500
2024-10-14,136.42329237635488,139.5522259694365,136.25335239175735,138.0227508544922,232347700
2024-10-15,137.82280508502743,138.52257769243778,128.6959404665834,131.55496215820312,377831000
2024-10-16,133.93414345953184,136.57323935639468,131.53497091822635,135.67355346679688,264879700
2024-10-17,139.29229632563835,140.8417687676179,136.82314065604464,136.88311767578125,306435900
2024-10-18,138.62252759913224,138.85244459278235,137.23300404466042,137.9527587890625,176090200
2024-10-21,138.0827206747143,143.6608123779297,137.95276029474488,143.6608123779297,264554500
2024-10-22,142.86110303968678,144.3705808600113,141.731484819394,143.54086303710938,226311600
2024-10-23,141.9813779606296,142.38123492807873,137.41295033058282,139.51222229003906,285930000
2024-10-24,140.7718017861216,141.30161913611144,138.41260905173522,140.3619384765625,172354900
2024-10-25,140.8817548130095,144.08067171203157,140.75180968215267,141.49154663085938,205122100
2024-10-28,142.95105547012693,143.09100694226274,140.00206821568727,140.47190856933594,173586700
2024-10-29,140.2419668294209,142.21129364579818,138.8524432880062,141.20164489746094,157593600
2024-10-30,139.49222584841445,140.28196395700422,136.76316465511044,139.29229736328125,179418100
2024-10-31,137.55292462080052,137.5629157078968,132.06479759847417,132.71456909179688,270039600
2024-11-01,134.65389558133728,137.26300291330367,134.52395044654537,135.35365295410156,207127800
2024-11-04,137.16303982117785,138.91244079735898,135.52360180221356,136.00343322753906,187528200
2024-11-05,137.40294177771256,140.3219403030432,137.28298774012364,139.8621063232422,160537400
2024-11-06,142.9110784725191,146.43986910531262,141.91142072377156,145.56016540527344,242043900
2024-11-07,146.33990241230273,148.87902647248674,146.11997647950326,148.8290557861328,207323300
2024-11-08,148.71906153874144,149.71871911263233,146.2099112659944,147.57945251464844,175665800
2024-11-11,148.6290778599626,148.79903306733925,143.52084240062385,145.2102508544922,182325600
2024-11-12,146.7297346202135,149.59874692031187,145.95999403229789,148.2392120361328,198634700
2024-11-13,149.01898487542564,149.27889039349282,145.85005645366056,146.21994018554688,191903300
2024-11-14,147.58945090415918,148.94898588208457,145.5001701321721,146.70974731445312,194463300
2024-11-15,144.8203910682193,145.1902747512061,140.03203789439084,141.93138122558594,250132900
2024-11-18,139.45223367342163,141.50153478170088,137.10303223771245,140.1020050048828,221205300
2024-11-19,141.27163159656618,147.0796403153284,140.94174272954967,146.9596710205078,227834900
2024-11-20,147.35954130772643,147.50948385732136,142.68113546401185,145.84005737304688,309871700
2024-11-21,149.29888738883682,152.83766902515802,140.65183891204953,146.6197967529297,400946600
2024-11-22,145.88003080645086,147.10962067545384,141.05169787065546,141.90139770507812,236406200
2024-11-25,141.94140761937004,142.00138464304115,135.77352121027207,135.97344970703125,344941900
2024-11-26,137.6528702588759,139.25232877348597,135.6235662299349,136.87313842773438,190287700
2024-11-27,134.96376655836661,137.17301655731904,131.7548742168772,135.2936553955078,226370900
2024-11-29,136.7331843976686,139.30231211006736,136.0034385187834,138.2026824951172,141863200
2024-12-02,138.78246325473978,140.401903648449,137.77281459318448,138.58253479003906,171682800
2024-12-03,138.21267485883047,140.49189330582607,137.90278339727084,140.2119903564453,164414000
2024-12-04,141.95140715914127,145.740103497805,140.24198561488052,145.09033203125,231224300
2024-12-05,145.07032934736787,146.49993108099994,143.9106428157812,145.0203399658203,172621200
2024-12-06,144.56045967909182,145.66014968908138,141.2713509133455,142.4010467529297,188505600
2024-12-09,138.93199359328304,139.91172129670065,137.0925004855475,138.77203369140625,189308600
2024-12-10,138.97197539548316,141.7812196768295,133.7534018405272,135.03306579589844,210020900
2024-12-11,137.32243273699547,140.13166176303284,135.173026862483,139.2718963623047,184905200
2024-12-12,137.04252103958567,138.40214979482639,135.76287224107875,137.3024444580078,159211400
2024-12-13,138.9020072444441,139.56183041879834,132.50374826625531,134.21328735351562,231514900
2024-12-16,134.14327863720246,134.36321966164874,130.3843129319086,131.96388244628906,237951100
2024-12-17,129.0546920799943,131.5540083659402,126.82530622422306,130.35433959960938,259410300
2024-12-18,133.82339933223892,136.6626191312432,128.2449232385065,128.874755859375,277444500
2024-12-19,131.72394769790225,133.99333094415113,129.51456085077075,130.6442413330078,209719200
2024-12-20,129.7745000485284,135.24300545668208,128.1849385069714,134.6631622314453,306528600
2024-12-23,136.2427181368804,139.75175245255647,135.08303180440205,139.6317901611328,176053500
2024-12-24,139.9617148258363,141.86118913948326,138.61207790245493,140.18165588378906,105157000
2024-12-26,139.66180603983884,140.8115008078877,137.69234337416663,139.89173889160156,116205600
2024-12-27,138.5121216661011,138.9819943823141,134.67317523350815,136.9725341796875,170582600
2024-12-30,134.79311660884966,140.2316308377207,133.98334063995796,137.452392578125,167734700
2024-12-31,137.99226367763055,138.0322612848829,133.79341493856927,134.25328063964844,155659200
2025-01-02,135.96280522543205,138.84202245285945,134.5931847895647,138.2721710205078,198247200
2025-01-03,139.9717090810043,144.86037131104774,139.69178686675932,144.4304962158203,229322500
2025-01-06,148.54936300568127,152.11839407781596,147.77958455274808,149.38912963867188,265377400
2025-01-07,152.98814312185272,153.08812187242287,139.97169998670535,140.10166931152344,351782200
2025-01-08,142.54101155921632,143.91063203422854,137.5223800692543,140.07168579101562,227349900
2025-01-10,137.41242079266553,139.88174676307978,134.18330808313058,135.8728485107422,207602500
2025-01-13,129.95446851982027,133.4535116815908,129.4745887600242,133.19357299804688,204808900
2025-01-14,136.01278831507346,136.3426998783518,130.01442953826418,131.7239532470703,195590500
2025-01-15,133.61345527658474,136.4126928345012,131.25409986764885,136.2027587890625,185217300
2025-01-16,138.6020991142272,138.71206965350657,133.4535130811874,133.5334930419922,209235600
2025-01-17,136.65262268416788,138.46212527408701,135.4229633158422,137.67234802246094,201188800
2025-01-21,139.12194717769367,141.7912151745994,137.05250594430132,140.79148864746094,197749000
2025-01-22,144.62045561465226,147.74958954273308,143.6307207753195,147.02980041503906,237651400
2025-01-23,145.01034368405638,147.1897403093082,143.6807055002306,147.17974853515625,155915500
2025-01-24,148.32942123311412,148.92926325643236,141.84120577881646,142.58099365234375,234657600
2025-01-27,124.76587139934672,128.36487767970476,116.66808057296325,118.38761138916016,818830900
2025-01-28,121.77668294561497,128.96471894622445,116.21820602712087,128.95472717285156,579666400
2025-01-29,126.46540553655986,126.85529827150769,120.01717249490751,123.66616821289062,467120600
2025-01-30,123.06634175444341,124.96582380169083,118.06770880237578,124.61592102050781,392925500
2025-01-31,123.74615511454752,127.81504199868698,119.15741376372098,120.03717041015625,388161100
2025-02-03,114.71862375628316,118.53757894355685,112.97910166242248,116.62810516357422,371235700
2025-02-04,116.92801344303115,121.16685177317855,116.66808241089754,118.6175537109375,256550000
2025-02-05,121.72670769553925,124.96581960402936,120.72698113870702,124.79586791992188,262230800
2025-02-06,127.38515593926263,128.7347928917548,125.17576116570511,128.64480590820312,251483600
2025-02-07,129.18464838201572,130.3343276557766,124.96580169637689,129.80447387695312,228186300
2025-02-10,130.05443339276326,134.9630947980064,129.92447930424598,133.5334930419922,216989100
2025-02-11,132.54376130884148,134.4432358451655,130.9841901729766,132.76370239257812,178902400
2025-02-12,129.9844674915493,132.20386194641324,129.0447219695379,131.10415649414062,160278600
2025-02-13,131.52401516963508,136.46266649297655,131.13412244698262,135.25299072265625,197430000
2025-02-14,136.44266486168982,139.21191146517995,135.46293718873886,138.81202697753906,195479600
2025-02-18,141.23137649622348,143.40078131766987,137.89227816645598,139.36187744140625,219176600
2025-02-19,139.47184726600554,141.32134750878612,137.18248014952957,139.19192504882812,167536000
2025-02-20,139.991705837455,140.62153843760984,136.7525863640224,140.07168579101562,143903600
2025-02-21,140.0017008694862,141.42132600995674,133.99334973043614,134.3932342529297,228217600
2025-02-24,136.52266681200447,138.55211066034528,130.04444248958205,130.244384765625,251381100
2025-02-25,129.94445760453814,130.16439867421266,124.40597902043103,126.59537506103516,271428700
2025-02-26,129.95446947322534,133.69343728770713,128.4548795357506,131.24411010742188,322553800
2025-02-27,134.96308744670299,134.9730792207777,119.97718824289691,120.11714935302734,443175800
2025-02-28,117.98772650698133,125.05579305607802,116.36817434407594,124.8858413696289,389091100
2025-03-03,123.47622912906817,123.66617198823369,112.2492965435478,114.02880859375,411381400
2025-03-04,110.6197462594264,119.27737437091366,110.07989299750376,115.95828247070312,398163300
2025-03-05,117.54785129486386,118.24765683915241,114.47869104666965,117.26792907714844,284337900
2025-03-06,113.49895407905146,115.31845609620828,110.18986163701831,110.53976440429688,321181900
2025-03-07,111.21957864470976,113.44897220636766,107.5305852358904,112.65918731689453,341755500
2025-03-10,109.8699441866197,111.81940781621753,105.43115607331026,106.95074462890625,366487400
2025-03-11,106.960734969355,112.20929903890595,104.74134094243277,108.73025512695312,354865700
2025-03-12,114.09929300935045,116.7388133095112,112.85951254411586,115.718994140625,323857500
2025-03-13,117.00876245655117,117.73863334670654,113.76935252443205,115.55902862548828,299033100
2025-03-14,118.58847644066721,121.85787967708788,118.12856083227834,121.64791870117188,277593500
2025-03-17,122.71772499646224,122.86769930249316,118.00858060635532,119.50830841064453,255501500
2025-03-18,117.97858323274161,118.99839474842913,114.51921213127834,115.40904998779297,299686900
2025-03-19,117.24871023501531,120.42813331851431,115.65900250727064,117.49866485595703,273426200
2025-03-20,116.5288475567653,120.17817892707569,116.44886024718888,118.50848388671875,248829700
2025-03-21,116.91877807414131,117.96858292451893,115.39904967929496,117.67863464355469,266498500
2025-03-24,119.85824123014483,122.19782052957932,119.31833831489072,121.38796997070312,228452500
2025-03-25,120.52812446850508,121.26798803028822,118.89841541478116,120.66809844970703,167447200
2025-03-26,118.70845626054094,118.81842927999459,112.68954449720724,113.7393569946289,293463300
2025-03-27,111.32979509417153,114.42923110356094,110.63992547504299,111.40978240966797,236902100
2025-03-28,111.46977019973694,112.84952470784617,109.05021109179135,109.65010070800781,229872500
2025-03-31,105.11091847763528,110.93986229194257,103.63119133667838,108.3603286743164,299212700
2025-04-01,108.50030342775528,110.17999886185885,106.45068001979016,110.13001251220703,222614000
2025-04-02,107.2705266243207,111.95967777974947,106.77061737970816,110.39995574951172,220601200
2025-04-03,103.49122110695384,105.61083156865355,101.58156399912866,101.78153228759766,338769400
2025-04-04,98.89205625014841,100.11182847125419,92.09328707213024,94.29288482666016,532273800
2025-04-07,87.444123819458,101.73153089146867,86.60427995314998,97.62227630615234,611041300
2025-04-08,103.79115551332612,105.83078615825814,94.44285411172834,96.28252410888672,476243400
2025-04-09,98.87204993981901,115.07910675948129,97.51229618216108,114.30924987792969,612918300
2025-04-10,109.35015243101728,110.83987986480561,99.13200610877084,107.55047607421875,437812400
2025-04-11,108.4803070767672,111.52975654810143,107.46049556472005,110.90986633300781,313417300
2025-04-14,114.08928762467488,114.26925525660798,109.05020155855789,110.68990325927734,264705000
2025-04-15,110.94986159507806,113.59938217981927,110.4799456735416,112.17963409423828,228966900
2025-04-16,104.53103311878802,106.77062454919468,100.4317709352981,104.47103881835938,397016900
2025-04-17,104.43103458781992,104.45103522860795,100.0318394876262,101.47157287597656,292517500
2025-04-21,98.75207336541831,99.42195758129023,95.02275450080649,96.89241790771484,288501100
2025-04-22,98.76206678289148,99.7918785816798,97.26233908492571,98.8720474243164,241004800
2025-04-23,104.5010295750129,104.78098517141211,102.00148324580945,102.69136047363281,247526000
2025-04-24,103.46122117055545,106.52066332286202,103.09128558149489,106.41068267822266,220815000
2025-04-25,106.83061166162848,111.89969145813895,105.71081975581805,110.98986053466797,251064700
2025-04-28,109.67009863041305,110.34997554606154,106.00075877336346,108.71027374267578,207708500
2025-04-29,107.65045258784288,110.17999209067304,107.42049861195443,109.00020599365234,170444300
2025-04-30,104.45104108413872,108.90023040771484,104.06111247501677,108.90023040771484,235044600
2025-05-01,113.05947899879722,114.9191420385801,111.27980327057723,111.5897445678711,236121500
2025-05-02,114.15928352450368,115.37906338859757,113.34943293159324,114.4792251586914,190194800
2025-05-05,112.889508442552,114.64918347836972,112.63955382209963,113.7993392944336,133163200
2025-05-06,111.45977773347964,114.71918078517231,110.79989381468877,113.51940155029297,158525600
2025-05-07,113.02949042053457,117.65864757290291,112.25962586336117,117.03875732421875,206758800
2025-05-08,118.22854670795566,118.658469001105,115.82898059800607,117.34870910644531,198428100
2025-05-09,117.32869985728382,118.20854502226882,115.18908887008638,116.62882995605469,132972200
2025-05-12,121.94786454961688,122.97767639160156,120.25816883140327,122.97767639160156,225023300
2025-05-13,124.95732666651305,131.19619232916256,124.44741706637032,129.9064178466797,330430100
2025-05-14,133.17581874633882,135.4154176381041,131.65609038206884,135.3154296875,281180800
2025-05-15,134.2656162138544,136.2752611112406,132.6359224746836,134.80552673339844,226632600
2025-05-16,136.19528579014883,136.32526708518697,133.43579205010155,135.37542724609375,226542500
2025-05-19,132.36596428610483,135.84532822832756,132.36596428610483,135.54539489746094,193154600
2025-05-20,134.26562607401144,134.55558199625042,132.59593092987555,134.35562133789062,161514200
2025-05-21,133.0358430493297,137.3750515435132,130.56629021032253,131.7760772705078,270608700
2025-05-22,132.20599574301846,134.22563338103308,131.52612648714359,132.80589294433594,187344000
2025-05-23,129.97641506418768,132.65592152877483,129.13657112060253,131.26617431640625,198821300
2025-05-27,134.1256417936587,135.63537744884945,133.2857979393918,135.47540283203125,192953600
2025-05-28,136.00531758419635,137.22509744866613,134.76553707682788,134.78553771972656,304021100
2025-05-29,142.22419152756274,143.46397204605128,137.88498259688382,139.1647491455078,369241900
2025-05-30,138.6948289010735,139.59465948344436,132.8958783257386,135.10548400878906,333170900
2025-06-02,135.46541564458173,138.09492795630163,135.37542038395227,137.35507202148438,197663100
2025-06-03,138.75480693174418,141.97422364617418,137.9249557656252,141.19436645507812,225578800
2025-06-04,142.1641966028205,142.36415725393297,139.5146683935161,141.8942413330078,167120800
2025-06-05,142.14419665233672,143.97386636815438,138.80480646885346,139.964599609375,231397900
2025-06-06,142.4841247816278,143.24399658328852,141.4843063108272,141.69427490234375,153986200
2025-06-09,143.16402192873528,144.97369107987248,141.91424872977086,142.6041259765625,185114500
2025-06-10,142.66410985007164,144.26381035974757,141.50431668274294,143.9338836669922,155881900
2025-06-11,144.59379466225064,144.97375695921582,141.85409623212945,142.81399536132812,167694000
2025-06-12,141.9540901919345,144.98374938964844,141.83410852298076,144.98374938964844,162365000
2025-06-13,142.4640236398758,143.5639064320885,140.83421673860605,141.95408630371094,180820600
2025-06-16,143.33393622751285,146.16360555156524,143.18394388862185,144.6737823486328,183133700
2025-06-17,144.4738049491523,145.20371882793046,143.7638778428329,144.1038360595703,139108000
2025-06-18,143.9938476821936,145.63366319028128,143.10394808189747,145.46368408203125,161494100
2025-06-20,145.43368901636921,146.1836049259659,142.63399990245927,143.83387756347656,242956200
2025-06-23,142.48402812138661,144.76377135076248,142.01407957999888,144.15383911132812,154308900
2025-06-24,145.54367367470394,147.94341367999496,145.4836828445603,147.88340759277344,187566100
2025-06-25,149.25328072295656,154.43269305532343,149.24327207878133,154.29270935058594,269146500
2025-06-26,155.9625083392563,156.70243086817015,153.98273459501658,155.00262451171875,198145700
2025-06-27,156.02250005395288,158.69221415352254,155.24258871826237,157.73231506347656,263234500
2025-06-30,158.38224776867892,158.6422284044636,155.94253394670602,157.97230529785156,194580300
2025-07-01,156.27249233706732,157.18239409932116,151.47304203431221,153.2828369140625,213143600
2025-07-02,152.962850389823,157.58234297497486,152.95285700312823,157.2323760986328,171224100
2025-07-03,158.35225101493015,160.96195919540767,157.7523273944205,159.3221435546875,143716100
2025-07-07,158.18227071828886,159.29214695363126,157.3223664705724,158.22227478027344,140139000
2025-07-08,159.31214783171163,160.20204749093682,158.3722507239072,159.98207092285156,138133000
2025-07-09,161.20193770023792,164.40157611225678,161.14194686393122,162.86175537109375,183656400
2025-07-10,164.30159583301895,164.48156834124046,161.5918927660757,164.0816192626953,167704100
2025-07-11,163.70165728031435,167.87118822352508,163.4516852914618,164.90151977539062,193633300
2025-07-14,165.35146259057728,165.4714595173457,162.00184716942397,164.05162048339844,136975800
2025-07-15,171.17081299302788,172.38066881478494,169.18103056842588,170.6808624267578,230627400
2025-07-16,171.04083672550954,171.73076187811773,168.88107501049606,171.35079956054688,158831500
2025-07-17,172.00073538495315,174.1404950617398,170.81086624213197,172.98062133789062,160841100
2025-07-18,173.62054394819432,174.23047621121117,171.24080573231237,172.39068603515625,146456400
2025-07-21,172.73065099594356,173.36058531454748,170.9808470061149,171.36080932617188,123126100
2025-07-22,171.32080634495316,171.37080379639445,164.5615689540832,167.01129150390625,193114300
2025-07-23,169.511004310231,171.24080620570157,167.95118153678195,170.7608642578125,154082200
2025-07-24,172.42067791171223,173.81052153075,171.28080627636527,173.7205352783203,128984600
2025-07-25,173.59054858813744,174.70042482917586,172.9406275198062,173.48056030273438,122316800
2025-07-28,174.00050427681666,176.98016607778243,173.9505068282037,176.73019409179688,140023500
2025-07-29,177.94006357342778,179.35990260986108,175.00039060425894,175.49032592773438,154077500
2025-07-30,176.49022309733303,179.869849375745,176.0202745228646,179.2499237060547,174312200
2025-07-31,182.87950237318685,183.2794667127293,175.9102820488597,177.85006713867188,221685400
2025-08-01,174.07048465468185,176.52020701181988,170.8708463561498,173.70053100585938,204529000
2025-08-04,175.14037394842856,180.17980241597786,174.500446281802,179.97982788085938,148174600
2025-08-05,179.59986897635343,180.23979665506658,175.8802845759961,178.24002075195312,156407600
2025-08-06,176.31023710297544,179.87982901005608,176.23024423927978,179.39988708496094,137192300
2025-08-07,181.54965397485878,183.85939259097617,178.77996020998395,180.74974060058594,151878400
2025-08-08,181.52965464990967,183.27945850723472,180.3797743894202,182.6795196533203,123396700
2025-08-11,182.02960317073044,183.8193958765311,180.22980182096376,182.0395965576172,138323200
2025-08-12,182.9395060522284,184.4593247511904,179.43989822709233,183.1394805908203,145485700
2025-08-13,182.59952443546638,183.9493792108361,179.32990196930365,181.56964111328125,179871700
2025-08-14,179.7298534235828,182.99949119039164,179.43989264021437,181.99960327148438,129554000
2025-08-15,181.85962676701382,181.87961354108583,178.02004541114613,180.42977905273438,156602200
2025-08-18,180.57976314427117,182.91949719839158,180.56975450061333,181.98959350585938,132008000
2025-08-19,182.4095478886331,182.47954736718557,175.47033846497254,175.6203155517578,185229200
2025-08-20,175.1503706193276,175.9802794498554,168.7810892510499,175.38034057617188,215142700
2025-08-21,174.83041312567687,176.88017120538285,173.79052111986658,174.96038818359375,140040900
2025-08-22,172.59066018618677,178.56998587344157,171.18081451068767,177.97006225585938,172789400
2025-08-25,178.33002804439553,181.88962682620624,176.5502286534902,179.78985595703125,163012800
2025-08-26,180.0398187111229,182.36955942503778,178.78995879531527,181.7496337890625,168688200
2025-08-27,181.95959791056248,182.46955051009175,179.07993109949993,181.57965087890625,235518900
2025-08-28,180.79974711518173,184.44933204343067,176.39023757757423,180.14981079101562,281787800
2025-08-29,178.09004428153852,178.130033086625,173.13059331145078,174.1604766845703,243257900
2025-09-02,169.980952871088,172.36069109354864,167.20126556823303,170.7608642578125,231164900
2025-09-03,171.0408442884315,172.3906992342715,168.86109570238054,170.60089111328125,164424900
2025-09-04,170.55090333056648,171.8407521362954,169.39102958990665,171.64077758789062,141670100
2025-09-05,168.01117837826322,169.0110663720669,164.05163046676552,167.0012969970703,224441400
2025-09-08,167.53122834914853,170.940849905597,167.33125381142952,168.2911376953125,163769100
2025-09-09,169.0710489481518,170.96083655380463,166.7213214317911,170.74085998535156,157548400
2025-09-10,176.62020974984335,179.26990675759993,175.45034266016896,177.3101348876953,226852000
2025-09-11,179.66999584989978,180.26996857097555,176.4701769393558,177.16014099121094,151159300
2025-09-12,177.76010410307373,178.59005971058946,176.44017029123495,177.8101043701172,124911000
2025-09-15,175.66021109761542,178.84004186496986,174.50027206258352,177.74009704589844,147061600
2025-09-16,176.99014687805604,177.49011904437822,174.37029760906842,174.87026977539062,140737800
2025-09-17,172.63039291663662,173.1903593144249,168.40063256525568,170.280517578125,211843800
2025-09-18,173.9703101424577,177.09014682532762,172.95037791227023,176.23019409179688,191763300
2025-09-19,175.7602124903078,178.07008136373162,175.17023376194967,176.66015625,237182100
2025-09-22,175.29024236301854,184.53972732383275,174.70027887607205,183.5997772216797,269637000
2025-09-23,181.9598706713119,182.409842567533,176.20019683221489,178.42005920410156,192559600
2025-09-24,179.75999113536878,179.76998508551358,175.39022416770254,176.96014404296875,143564100
2025-09-25,174.47028665549124,180.24996380236055,173.12037093203185,177.68011474609375,191586700
2025-09-26,178.16008106951017,179.75999811527313,174.920255917913,178.18008422851562,148573700
2025-09-29,180.4199550960203,183.98976381560166,180.30997586310093,181.8398895263672,193063500
2025-09-30,182.06986121505474,187.3395719841704,181.4698885277926,186.56961059570312,236981000
2025-10-01,185.22969505995906,188.12952754318238,183.88975804814035,187.22958374023438,173844900
2025-10-02,189.5894532800495,191.0393695238543,188.04953044946197,188.87948608398438,136805800
2025-10-03,189.1794627061203,190.34939569471342,185.36967740169,187.6095428466797,137596900
2025-10-06,185.48967202648717,187.21957143407985,183.31979467524326,185.5296630859375,157678100
2025-10-07,186.21962980709273,189.0494741147918,183.9897582054133,185.02969360351562,140088000
2025-10-08,186.55962017208088,189.58945025835604,186.52960780500513,189.09947204589844,130168900
2025-10-09,192.21928773885006,195.28912405123697,191.04935474353755,192.5592803955078,182997200
2025-10-10,193.49922565779727,195.6091088464203,182.0398719523004,183.14981079101562,268774400
2025-10-13,187.9595379156231,190.09941818271824,185.94965529464977,188.3095245361328,153482800
2025-10-14,184.75971529942103,184.78971240822688,179.68999030007896,180.0199737548828,205641400
2025-10-15,184.7897166440438,184.85970481354866,177.2801249034248,179.8199920654297,214450500
2025-10-16,182.21985578014733,183.26980040587233,179.76000120804414,181.7998809814453,179723300
2025-10-17,180.16996892604442,184.08976427610557,179.74000017155936,183.20980834960938,173135200
2025-10-20,183.1198152646831,185.18969215276272,181.71988400794234,182.6298370361328,128544700
2025-10-21,182.77981647710283,182.77981647710283,179.78999271004406,181.14991760253906,124240200
2025-10-22,181.1299112106735,183.42978616900905,176.7501502622395,180.26995849609375,162249600
2025-10-23,180.40994799999942,183.01980322210497,179.7799782111653,182.1498565673828,111363700
2025-10-24,183.8297551720498,187.45955783835475,183.48977777431884,186.24961853027344,131296700
2025-10-27,189.979423148828,191.98930570001696,188.41949722334647,191.47933959960938,153452700
2025-10-28,193.03926234185508,203.1386912540773,191.89932637827522,201.01881408691406,297986200
2025-10-29,207.96842303697136,212.1781954922272,204.76860414707738,207.02847290039062,308829600
2025-10-30,205.1385766163601,206.1485301715792,201.39879452489242,202.8787078857422,178864400
2025-10-31,206.43850017947892,207.95841980607935,202.05875446792163,202.47872924804688,179802200
2025-11-03,208.06841462190084,211.32822759164594,205.5485506791992,206.8684844970703,180267300
2025-11-04,202.98869740675082,203.9586446199207,197.9189723693821,198.67893981933594,188919300
2025-11-05,198.75894188581304,202.90870481768462,194.63916080574026,195.1991424560547,171350300
2025-11-06,196.40906647995496,197.60899664277025,186.3696319662745,188.0695343017578,223029800
2025-11-07,184.8897071775586,188.3095303364016,178.90005019006267,188.1395263671875,264942300
2025-11-10,195.09914200543773,199.9288750287355,193.7792081445882,199.03892517089844,198897100
2025-11-11,195.14913483203398,195.40911485928362,191.28934919242405,193.1492462158203,176483300
2025-11-12,195.70910637927892,195.87909508520013,191.1193655455878,193.78921508789062,154935300
2025-11-13,191.03936321053533,191.42934088057365,183.8397672401686,186.84959411621094,207423100
2025-11-14,182.8498180673128,190.99935813210442,180.56994624954729,190.15940856933594,186591900
2025-11-17,185.95964506857126,188.98947511566342,184.30974305565786,186.58961486816406,173628900
2025-11-18,183.36979105504545,184.7897101334883,179.63998782140993,181.3498992919922,213598900
2025-11-19,184.7796984316032,187.8495347223247,182.8198161698128,186.50961303710938,247246400
2025-11-20,195.9390891568929,195.9890894251709,179.83999453744622,180.62994384765625,343504800
2025-11-21,181.22991004695137,184.54971718190046,172.92036011460985,178.8700408935547,346926200
2025-11-24,179.48001348627363,183.4897847612219,176.47017128450955,182.5398406982422,256618300
2025-11-25,174.90026276869568,178.15008177330986,169.54056066153746,177.8101043701172,320600300
2025-11-26,181.61988829154,182.8998157763143,178.2300777211247,180.2499542236328,183852000
2025-11-28,179.0000253919654,179.28000857805475,176.49017066740046,176.99014282226562,121332800
2025-12-01,174.75027181562072,180.28997214473748,173.67033006996684,179.9099884033203,188131000
2025-12-02,181.74987648908228,185.6496685428864,179.98997995570696,181.4499053955078,182632200
2025-12-03,181.06992440272873,182.43984327721986,179.1000328161426,179.5800018310547,165138000
2025-12-04,181.6199951171875,184.52000427246094,179.9600067138672,183.3800048828125,167364900
2025-12-05,183.88999938964844,184.66000366210938,180.91000366210938,182.41000366210938,143971100
2025-12-08,182.63999938964844,188.0,182.39999389648438,185.5500030517578,204378100
2025-12-09,185.55999755859375,185.72000122070312,183.32000732421875,184.97000122070312,144719700
2025-12-10,184.97000122070312,185.47999572753906,182.0399932861328,183.77999877929688,162785400
2025-12-11,180.27999877929688,181.32000732421875,176.6199951171875,180.92999267578125,182136600
2025-12-12,181.11000061035156,182.82000732421875,174.6199951171875,175.02000427246094,204274900
2025-12-15,177.94000244140625,178.4199981689453,175.02999877929688,176.2899932861328,164775600
2025-12-16,176.25999450683594,178.49000549316406,174.89999389648438,177.72000122070312,148588100
2025-12-17,176.10000610351562,176.1300048828125,170.30999755859375,170.94000244140625,222775500
2025-12-18,174.52999877929688,176.14999389648438,171.82000732421875,174.13999938964844,176096000
2025-12-19,176.6699981689453,181.4499969482422,176.33999633789062,180.99000549316406,324925900
2025-12-22,183.9199981689453,184.16000366210938,182.35000610351562,183.69000244140625,129064400
2025-12-23,182.97000122070312,189.3300018310547,182.89999389648438,189.2100067138672,174873600
2025-12-24,187.94000244140625,188.91000366210938,186.58999633789062,188.61000061035156,65528500
2025-12-26,189.9199981689453,192.69000244140625,188.0,190.52999877929688,139740300
2025-12-29,187.7100067138672,188.75999450683594,185.91000366210938,188.22000122070312,120006100
2025-12-30,188.24000549316406,188.99000549316406,186.92999267578125,187.5399932861328,97687300
2025-12-31,189.57000732421875,190.55999755859375,186.49000549316406,186.5,120100500
2026-01-02,189.83999633789062,192.92999267578125,188.25999450683594,188.85000610351562,148240500
2026-01-05,191.75999450683594,193.6300048828125,186.14999389648438,188.1199951171875,183529700
2026-01-06,190.52000427246094,192.1699981689453,186.82000732421875,187.24000549316406,176862600
2026-01-07,188.57000732421875,191.3699951171875,186.55999755859375,189.11000061035156,153224600
